
-- SGBD: PosgreSQL v11

-- Popular tabela 'states'
INSERT INTO states(id, abrev, name) VALUES
  (1,  'AC', 'Acre'),
  (2,  'AL', 'Alagoas'),
  (3,  'AP', 'Amapá'),
  (4,  'AM', 'Amazonas'),
  (5,  'BA', 'Bahia'),
  (6,  'CE', 'Ceará'),
  (7,  'DF', 'Distrito Federal'),
  (8,  'ES', 'Espírito Santo'),
  (9,  'GO', 'Goiás'),
  (10, 'MA', 'Maranhão'),
  (11, 'MT', 'Mato Grosso'),
  (12, 'MS', 'Mato Grosso do Sul'),
  (13, 'MG', 'Minas Gerais'),
  (14, 'PA', 'Pará'),
  (15, 'PB', 'Paraíba'),
  (16, 'PR', 'Paraná'),
  (17, 'PE', 'Pernambuco'),
  (18, 'PI', 'Piauí'),
  (19, 'RJ', 'Rio de Janeiro'),
  (20, 'RN', 'Rio Grande do Norte'),
  (21, 'RS', 'Rio Grande do Sul'),
  (22, 'RO', 'Rondônia'),
  (23, 'RR', 'Roraima'),
  (24, 'SC', 'Santa Catarina'),
  (25, 'SP', 'São Paulo'),
  (26, 'SG', 'Sergipe'),
  (27, 'TO', 'Tocantins');

INSERT INTO users(id, cpf, first_name, last_name, date_birth, email, phone, role, password) VALUES
  (1,  '11111111111', 'André',    'Antunes',    '1990-01-01', 'andre@email.com',    '41969029285', 'gerente',     '202CB962AC59075B964B07152D234B70'),
  (2,  '22222222222', 'Aurélio',  'Shizuo',     '1989-02-02', 'aurelio@email.com',  '41969029285', 'funcionario', '202CB962AC59075B964B07152D234B70'),
  (3,  '33333333333', 'Cassiano', 'Vidal',      '1987-03-03', 'cassiano@email.com', '41969029285', 'funcionario', '202CB962AC59075B964B07152D234B70'),
  (4,  '44444444444', 'Júlio',    'Müller',     '1992-04-04', 'julio@email.com',    '41969029285', 'gerente',     '202CB962AC59075B964B07152D234B70'),
  (5,  '55555555555', 'Wesley',   'Caetano',    '2000-05-05', 'vvesley@email.com',  '41969029285', 'funcionario', '202CB962AC59075B964B07152D234B70'),
  (6,  '63837430073', 'Davi',     'Ducati',     '1984-04-10', 'davi@email.com',     '41969029285', 'cliente',     '202CB962AC59075B964B07152D234B70'),
  (7,  '46513906091', 'Pedro',    'Gomes',      '1960-03-20', 'pedro@email.com',    '41913015180', 'cliente',     '202CB962AC59075B964B07152D234B70'),
  (8,  '22649526793', 'Lara',     'Silva',      '1950-11-25', 'lara@email.com.br',  '41913015180', 'cliente',     '202CB962AC59075B964B07152D234B70'),
  (9,  '83128933006', 'Matheus',  'Teixeira',   '1991-10-11', 'matheus@email.com',  '41940725074', 'cliente',     '202CB962AC59075B964B07152D234B70'),
  (10, '08054962622', 'Mariana',  'Oliveira',   '1954-11-09', 'mariana@email.com',  '4131210440',  'cliente',     '202CB962AC59075B964B07152D234B70'),
  (11, '90498121208', 'Giovana',  'Cardoso',    '1969-10-15', 'giovana@email.com',  '41913015180', 'cliente',     '202CB962AC59075B964B07152D234B70'),
  (12, '73812059479', 'Gabriela', 'Amaral',     '1954-04-21', 'gabriela@email.com', '41913405247', 'cliente',     '202CB962AC59075B964B07152D234B70'),
  (13, '20165379812', 'David',    'Machado',    '1994-01-27', 'david@email.com',    '4130798635',  'cliente',     '202CB962AC59075B964B07152D234B70'),
  (14, '75932242108', 'Marina',   'Marins',     '1986-04-27', 'marina@email.com',   '41913405247', 'cliente',     '202CB962AC59075B964B07152D234B70'),
  (15, '90534089240', 'Alice',    'Muxfeldt',   '1951-02-22', 'alice@email.com',    '41970342500', 'cliente',     '202CB962AC59075B964B07152D234B70'),
  (16, '54466773076', 'Gabriel',  'Borgo',      '1961-03-12', 'gabriel@email.com',  '41957055265', 'cliente',     '202CB962AC59075B964B07152D234B70'),
  (17, '81160961506', 'Lucas',    'Moreira',    '1970-08-19', 'lucas@email.com',    '4130114466',  'cliente',     '202CB962AC59075B964B07152D234B70'),
  (18, '09434959209', 'Pedro',    'Krepsky',    '1953-02-13', 'pedro@email.com.br', '41980610150', 'cliente',     '202CB962AC59075B964B07152D234B70'),
  (19, '88931040083', 'Mariano',  'Costa',      '1989-04-21', 'mariano@email.com',  '41913015180', 'cliente',     '202CB962AC59075B964B07152D234B70'),
  (20, '59851539597', 'Mauro',    'Mazzarotto', '1980-01-25', 'mauro@email.com',    '41982510100', 'cliente',     '202CB962AC59075B964B07152D234B70');
ALTER SEQUENCE users_id_seq RESTART WITH 21;

INSERT INTO addresses(user_id, zip_code, street, number, complement, city, state_id) VALUES
  (1,  '69029285', 'Rua Gustavo Oliveira',    100, '',          'Curitiba',       16),
  (2,  '69029285', 'Rua Matsunaga',           200, 'Apt 65',    'Curitiba',       16),
  (3,  '69029285', 'Rua da Banda',            300, '',          'Curitiba',       16),
  (4,  '69029285', 'Rua do Lago Nessy',       400, 'Apt 34-B',  'Curitiba',       16),
  (5,  '69029285', 'Rua Le Parkour',          500, 'Bloco A',   'Curitiba',       16),
  (6,  '69029285', 'Rua Anita Garibald',      722, '',          'Rio de Janeiro', 19),
  (7,  '13015180', 'Praça Anita Garibaldi',   486, '',          'São Paulo',      25),
  (8,  '13015180', 'Praça Anita Garibaldi',   288, 'apto 109',  'São Paulo',      25),
  (9,  '40725074', 'Rua Anita Cajado',        898, '',          'Curitiba',       16),
  (10, '31210440', 'Rua Anfibólios',          399, 'apt. 88',   'São Paulo',      25),
  (11, '13015180', 'Praça Anita Garibaldi',   997, 'casa 6',    'Rio de Janeiro', 19),
  (12, '13405247', 'Travessa Ângelo Valler',  670, '',          'Rio de Janeiro', 19),
  (13, '13015180', 'Praça Anita Garibaldi',   992, 'Apt 86C',   'Curitiba',       16),
  (14, '13405247', 'Travessa Ângelo Valler',  298, 'bloco 3',   'Porto Alegre',   21),
  (15, '70342500', 'Quadra CLS 103',          650, 'apt 71',    'São Paulo',      25),
  (16, '57055265', 'Rua Antenor de Oliveira', 239, '',          'São Paulo',      25),
  (17, '57055265', 'Rua Anita Cajado',        715, 'Casa 3',    'Curitiba',       16),
  (18, '80610150', 'Rua Morretes',            753, '',          'Porto Alegre',   21),
  (19, '13015180', 'Praça Anita Garibaldi',   611, 'Apto 80',   'Rio de Janeiro', 19),
  (20, '82510100', 'Rua Venezuela',           189, 'apart. 91', 'Porto Alegre',   21);

INSERT INTO categories(id, name) VALUES
  (1, 'Perfumaria'),
  (2, 'Maquiagem'),
  (3, 'Cabelos'),
  (4, 'Corpo & Banho'),
  (5, 'Linha Solar'),
  (6, 'Unha'),
  (7, 'Infantil & Teen');
ALTER SEQUENCE categories_id_seq RESTART WITH 8;

INSERT INTO products(name, category_id, weight, utc_code, ean_code, description) VALUES
  ('Fede Menos Woman',       1, 200, '789574369740', '4933719930727', 'Lorem ipsum dolor sit amet, consectetur adipisicing elit. Sed impedit nobis nemo, perspiciatis ea culpa, provident aspernatur porro molestias ipsum, qui quam consectetur vitae aliquid perferendis quia hic omnis praesentium!'),
  ('Nativa Spa Lichia',      4, 830, '789142791003', '4436084442766', 'Voluptatibus mollitia consectetur sapiente adipisci accusamus dolor fugit quibusdam sed optio, natus vitae officiis molestiae dolorem consequuntur magnam? Accusantium laudantium quisquam aperiam nulla quasi fugit, aliquid excepturi fuga aut a!'),
  ('Cuide-se Bem Lavanda',   4, 951, '789692125377', '5167674824980', 'Labore veritatis accusamus sequi laboriosam quam nostrum, quisquam odio corrupti dolores veniam quae blanditiis eius libero omnis eaque id nemo dolorum repellendus, voluptatum ea voluptatibus alias facilis. Architecto, quod odio.'),
  ('Tchera Melhor',          1, 200, '789866720022', '7237471772408', 'Libero at temporibus labore, molestiae rerum porro in ab sint! Suscipit hic libero itaque. Corporis nobis maxime corrupti et autem praesentium, amet, suscipit asperiores nulla sunt doloribus consequatur fuga culpa.'),
  ('Recsona 24h',            1, 121, '789569188231', '3482876018268', 'Est quis repellendus ea, necessitatibus eos repellat ipsam iure perferendis harum reprehenderit temporibus et ducimus id earum nulla, minus ratione ab quaerat saepe praesentium accusamus quidem soluta debitis reiciendis. At!'),
  ('Cuide-se Bem Loção',     4, 847, '789560262727', '8414732107397', 'Quam, doloremque dicta quaerat numquam architecto sequi excepturi necessitatibus quibusdam dolorem quae est accusamus placeat eos voluptatem voluptatibus a ducimus nesciunt eum vitae. Quidem, aut repellat sint eveniet qui ullam.'),
  ('Elysea Crème Acetinado', 4, 149, '789383001072', '0390969171770', 'Facilis eaque architecto cum cupiditate quisquam consequatur vel numquam itaque, aut voluptatem eveniet explicabo dolores perspiciatis qui. Hic dolores inventore perferendis dignissimos deserunt tenetur doloribus cumque quas, enim sequi assumenda.'),
  ('Recsona Black',          1, 121, '789360017278', '3021370925322', 'Aspernatur sequi quam soluta officiis, corporis exercitationem quibusdam corrupti tempora saepe voluptatem dolor, facere blanditiis reiciendis velit praesentium expedita. Qui optio ratione aut vitae, doloremque omnis enim quam consequatur sequi.'),
  ('Make B. Base Líquida',   2,  80, '789878114353', '5382911167181', 'Quaerat, accusantium aliquid autem, dolores temporibus aut saepe repellat eos ullam tempora natus officia minus omnis est sed ad quis eligendi maiores quasi nesciunt exercitationem molestias numquam! Facere, praesentium animi.'),
  ('Recsona 24h',            1, 121, '789267174229', '4205209367545', 'Recusandae omnis adipisci accusamus quisquam expedita rem molestiae aspernatur, fuga dignissimos vero alias, a est, natus obcaecati magnam autem placeat veniam impedit excepturi inventore perferendis. Quisquam necessitatibus numquam sit animi.'),
  ('Cuide-se Bem Erva Doce', 4, 284, '789484875339', '0682446505942', 'Temporibus saepe expedita quos iste, facilis sunt eius mollitia soluta! Nihil enim autem pariatur ex velit, obcaecati quos fugit maxime ipsam iste? Amet explicabo sed exercitationem culpa, maxime a in.'),
  ('Sãndaum 30',             5, 883, '789599036815', '2757669258687', 'Tempora ipsam labore alias totam sed nobis consequuntur, ducimus dignissimos animi id esse, voluptas ad dolore quos quaerat excepturi. Eligendi est labore, ipsam voluptatem inventore ea perferendis sapiente repellat voluptate?'),
  ('Nativa Spa Ameixa',      4, 844, '789021488178', '2165059224825', 'Minus facere, numquam modi commodi facilis harum, quaerat voluptatum voluptatibus nulla tempore officia. Saepe culpa impedit modi minima minus aliquid repellendus ad aspernatur fugit. Dolorem magni amet corporis ea accusantium?'),
  ('Tchira Hodor Femini',    1, 200, '789398212627', '7732040969581', 'Mollitia modi doloremque ab sint praesentium aperiam et quae quas error optio natus asperiores provident, a consequatur porro! Amet minima nulla eum ducimus a aperiam modi impedit voluptas necessitatibus fugit.'),
  ('Tchira Hodor Boy',       1, 220, '789213541018', '9980887886082', 'Accusamus sunt mollitia ab enim rem. Natus vel tempora repellendus quod nemo sunt explicabo illo id, assumenda omnis aut consectetur sequi, reprehenderit eveniet aperiam! Cupiditate consequatur repudiandae dolor repellendus neque.'),
  ('Tchera Katingha',        1, 220, '789221562754', '0905637370045', 'Ipsum, rem dolor omnis consequuntur neque voluptatum tempora. Modi saepe, aperiam eius voluptas consectetur beatae ipsam laborum, dignissimos temporibus asperiores rerum neque cumque, doloribus perferendis atque. Tempore vitae labore odit.'),
  ('Petit Sophie',           7, 111, '789159122759', '4891352331377', 'Distinctio dolor quas mollitia iure in quidem quis. Rerum, iste amet aliquam odit adipisci, incidunt, asperiores pariatur impedit consectetur maiores saepe quo. Esse porro tempora at ipsam optio modi unde.'),
  ('Recsona Light',          1, 121, '789832471682', '0836859741170', 'Deleniti molestiae commodi consequuntur magnam blanditiis eveniet temporibus voluptas minima! Quae omnis molestias voluptatum voluptas labore, hic maxime provident dolore delectus aspernatur magnam fugit eos numquam voluptates, reiciendis iure ipsam!'),
  ('Nativa Spa',             3, 857, '789945068262', '1662445861223', 'Enim ducimus non ipsum. Nulla cupiditate beatae quasi deleniti odio. Eveniet ipsam quam ex est, laborum minima sapiente aliquid. Assumenda rerum numquam accusamus dolore. Laborum totam iusto enim beatae ratione.'),
  ('Make B. Base Mate',      2, 422, '789323689103', '9372969818713', 'Iusto repellat modi doloribus eaque id obcaecati autem cumque magni, nostrum sed totam reprehenderit, placeat ipsum distinctio dolorem nulla sit sapiente maiores sint libero voluptatum nobis tempore maxime unde? Aut!'),
  ('Make B. Pincel Base',    2, 309, '789443962319', '9973432569179', 'Ad eligendi totam sit qui dignissimos odio distinctio repellendus nam doloribus natus nisi, fugiat fugit nobis nulla laudantium debitis, veritatis minus vitae nihil laboriosam libero! Perferendis, ad deserunt. Fugiat, dignissimos.'),
  ('Boti Baby',              7,  24, '789102060564', '4056730060867', 'Eius tempora cumque aspernatur nisi itaque consectetur ab, corrupti expedita! Perferendis aspernatur repellat dolor impedit tempora dolores cumque est quibusdam harum. Quidem, cumque et? Et dicta officiis ratione itaque hic!'),
  ('Kit Glamour',            2, 291, '789602213615', '3799573282541', 'Quos quasi consequatur doloribus ut corrupti inventore explicabo recusandae! Aspernatur nemo iure vitae quasi delectus voluptatibus rerum, accusamus atque voluptatum cum quibusdam repellendus dolores cupiditate eum! Maxime dolor error id!'),
  ('Estojo de Pincéis',      2, 125, '789081405022', '5248956566684', 'Aut nam, quia ipsum hic cum pariatur odio natus, sed ipsa consequuntur ex delectus assumenda. Aspernatur itaque numquam ipsam, eius perferendis sunt ex. Eligendi, sed aspernatur! Eligendi explicabo magnam necessitatibus.'),
  ('Match Nutrição',         3, 677, '789919728631', '7086750456716', 'Qui, facere commodi, laborum necessitatibus id deserunt consequatur deleniti dicta inventore sit adipisci reprehenderit ab sed. Deserunt voluptatem obcaecati accusamus laudantium, aliquid ea incidunt mollitia natus commodi nostrum blanditiis! Eos!'),
  ('Cuide-se Bem',           3, 100, '789002087371', '6231879704935', 'Perferendis voluptatem atque quos quo eos tempora perspiciatis, temporibus architecto saepe qui at, optio, similique sed nihil? Placeat earum itaque omnis iusto, iste illum quas laboriosam quasi eligendi ipsum porro.'),
  ('Esmalte Vermelho Java',  6, 404, '789176457383', '5058873723640', 'Eligendi quidem error ducimus ex voluptatibus, eum fuga accusamus possimus libero inventore qui assumenda, quibusdam facilis delectus. Vel incidunt asperiores rem accusamus. Laborum cum, quo blanditiis dignissimos perferendis labore tenetur?'),
  ('Esmalte Preto Sol',      6, 510, '789265669656', '6534299499922', 'Minima, porro quo recusandae enim molestias maxime a corrupti reprehenderit dicta tempore fugit, omnis quaerat vitae, autem ea assumenda iusto voluptatibus. Ullam velit pariatur, similique illum voluptates reiciendis dolor ut?'),
  ('Sãndaum 45',             5, 111, '789847810401', '6461971607509', 'Ipsam quis libero provident nulla dignissimos temporibus voluptatum, architecto laborum eius necessitatibus maiores. Omnis vitae, iste sunt odio, incidunt beatae, mollitia fugit eius enim labore dignissimos. Laborum unde eaque possimus.'),
  ('Like Shwazeneger',       5, 612, '789580694771', '2597382354021', 'Provident veniam facere cumque. Ducimus corporis soluta nobis corrupti cupiditate explicabo minima iure dolorum quisquam sequi, harum omnis odit unde porro accusamus nisi cum quia voluptate reprehenderit debitis. Nihil, explicabo!'),
  ('Intense Toalha',         2, 883, '789170448317', '7535603418691', 'Atque a in vitae rem non aliquid earum at. Illum facere aliquid adipisci, doloribus impedit exercitationem quae iste nostrum ex facilis enim illo dolorum ipsum ducimus, voluptates officia quibusdam saepe?'),
  ('Cuide-se Bem',           3, 582, '789470245406', '4497106928402', 'Molestias ab eligendi ipsa, nemo corrupti hic modi et ex magnam quam officiis fugit magni delectus, sed quaerat facilis rerum dicta aliquam quas provident! Quia eius delectus ad quidem optio!'),
  ('Esmalte Azul Cocô',      6, 929, '789192255198', '8256724202923', 'Iste reiciendis perferendis nisi odit voluptate suscipit saepe, possimus voluptates voluptatibus itaque delectus quae quod rerum ex explicabo aliquid cum in laborum sit. Nostrum ipsa dolores a, recusandae vel perferendis.'),
  ('Make B. Delineador',     2, 899, '789732871245', '8405982988342', 'Id maxime, enim nesciunt dolore, magnam fuga laboriosam repellat culpa, veniam itaque veritatis libero obcaecati. Ex, quaerat facere maxime amet pariatur vel voluptatem! Vel aut illo iste corporis maiores quasi.'),
  ('Intense Lápis Olhos',    2, 561, '789831063575', '7485633663397', 'Perferendis aut exercitationem numquam vero facilis eveniet officiis ipsum aliquid nihil cupiditate possimus sequi autem quod nobis cumque iure, rem assumenda molestiae est omnis ea quidem in molestias nam. Perferendis.'),
  ('Intense Cremoso',        2, 185, '789061677923', '7877477696025', 'Dolorum, perferendis distinctio fugiat nulla atque quaerat labore officiis magni minus, eum, quibusdam laboriosam impedit! Unde hic, sed dicta repudiandae dolor aliquam laborum explicabo harum nesciunt eaque maiores quis fuga.'),
  ('Make B. Escônia',        2, 666, '789557967487', '1307837233943', 'Ducimus, aut quisquam laudantium perferendis, vitae consequuntur consectetur quos adipisci numquam esse corporis obcaecati eaque odio tempora tenetur blanditiis assumenda. Eum quae deserunt totam! Quis libero facere nulla nemo ipsam?'),
  ('Esmalte Roxo Pum',       6, 267, '789442021071', '2508694506118', 'Doloremque suscipit quo cumque nostrum minus tempore nulla iste ipsam id, error at totam nesciunt deserunt a in quis commodi similique. Rem cum doloribus necessitatibus unde nobis nesciunt architecto modi?'),
  ('Make B. ',               2, 836, '789425574838', '8966258416377', 'Laudantium alias, eos rerum aliquid minus perspiciatis cumque ullam fugit totam mollitia animi rem amet. Aperiam mollitia explicabo asperiores, ex non voluptas debitis ab qui veritatis optio laboriosam veniam obcaecati?'),
  ('Make B. Stick',          2, 391, '789255160909', '7755393122791', 'Corporis aperiam quae cumque maxime, ratione laboriosam consectetur quis, iusto beatae et animi! Consectetur, cumque iste culpa et eveniet quia architecto alias libero nisi, minima dignissimos placeat ipsa consequatur reprehenderit.'),
  ('Intense',                2, 382, '789425112366', '1427632532171', 'Dicta labore harum animi! Ex rem architecto, ullam, animi delectus nobis possimus voluptatum velit totam natus dolore! Suscipit officiis nulla quaerat nesciunt quae unde. Quae iure nobis fugiat ut mollitia?'),
  ('Match Crescer',          3, 675, '789305184853', '4057766318107', 'Aliquam quia rerum assumenda maxime odio? Placeat libero quibusdam recusandae expedita alias at mollitia? Est tenetur explicabo, voluptas aliquid, similique temporibus quas corporis illo modi cumque quam animi molestiae possimus!'),
  ('Match Nutrição',         3, 503, '789898535446', '4693743090045', 'Omnis rerum soluta hic, dolore quidem adipisci aliquid eos molestiae recusandae aperiam accusamus. Eum, necessitatibus unde aut nemo, exercitationem molestias illum saepe voluptates quam tempora delectus consequuntur numquam amet tempore.'),
  ('Fede Menos Man',         1, 220, '789771805097', '5761773996942', 'Officia dignissimos adipisci placeat est nihil, obcaecati in veritatis officiis sint mollitia, et minus corrupti molestias rerum animi numquam nemo ipsum, ab debitis culpa eius dolores quam magni fugit. Tempora.'),
  ('Intense Super Fresh!',   2, 219, '789537334144', '3470190616876', 'Officiis temporibus eos nesciunt repudiandae quam autem! Ea excepturi quis velit deserunt, odit nisi corrupti commodi similique omnis, perferendis non facilis accusantium, recusandae tempore labore consectetur distinctio accusamus doloremque fuga?');
