
-- SGBD: PosgreSQL v11

-- Popular tabela 'states'
INSERT INTO states(id, abrev, name) VALUES
  (1,  'AC', 'Acre'),
  (2,  'AL', 'Alagoas'),
  (3,  'AP', 'Amapá'),
  (4,  'AM', 'Amazonas'),
  (5,  'BA', 'Bahia'),
  (6,  'CE', 'Ceará'),
  (7,  'DF', 'Distrito Federal'),
  (8,  'ES', 'Espírito Santo'),
  (9,  'GO', 'Goiás'),
  (10, 'MA', 'Maranhão'),
  (11, 'MT', 'Mato Grosso'),
  (12, 'MS', 'Mato Grosso do Sul'),
  (13, 'MG', 'Minas Gerais'),
  (14, 'PA', 'Pará'),
  (15, 'PB', 'Paraíba'),
  (16, 'PR', 'Paraná'),
  (17, 'PE', 'Pernambuco'),
  (18, 'PI', 'Piauí'),
  (19, 'RJ', 'Rio de Janeiro'),
  (20, 'RN', 'Rio Grande do Norte'),
  (21, 'RS', 'Rio Grande do Sul'),
  (22, 'RO', 'Rondônia'),
  (23, 'RR', 'Roraima'),
  (24, 'SC', 'Santa Catarina'),
  (25, 'SP', 'São Paulo'),
  (26, 'SG', 'Sergipe'),
  (27, 'TO', 'Tocantins');

INSERT INTO users(id, cpf, first_name, last_name, date_birth, email, phone, role, password) VALUES
  (1,  '11111111111', 'André',    'Antunes',    '1990-01-01', 'andre@email.com',    '41969029285', 'gerente',     '202CB962AC59075B964B07152D234B70'),
  (2,  '22222222222', 'Aurélio',  'Shizuo',     '1989-02-02', 'aurelio@email.com',  '41969029285', 'funcionario', '202CB962AC59075B964B07152D234B70'),
  (3,  '33333333333', 'Cassiano', 'Vidal',      '1987-03-03', 'cassiano@email.com', '41969029285', 'funcionario', '202CB962AC59075B964B07152D234B70'),
  (4,  '44444444444', 'Júlio',    'Müller',     '1992-04-04', 'julio@email.com',    '41969029285', 'gerente',     '202CB962AC59075B964B07152D234B70'),
  (5,  '55555555555', 'Wesley',   'Caetano',    '2000-05-05', 'vvesley@email.com',  '41969029285', 'funcionario', '202CB962AC59075B964B07152D234B70'),
  (6,  '63837430073', 'Davi',     'Ducati',     '1984-04-10', 'davi@email.com',     '41969029285', 'cliente',     '202CB962AC59075B964B07152D234B70'),
  (7,  '46513906091', 'Pedro',    'Gomes',      '1960-03-20', 'pedro@email.com',    '41913015180', 'cliente',     '202CB962AC59075B964B07152D234B70'),
  (8,  '22649526793', 'Lara',     'Silva',      '1950-11-25', 'lara@email.com.br',  '41913015180', 'cliente',     '202CB962AC59075B964B07152D234B70'),
  (9,  '83128933006', 'Matheus',  'Teixeira',   '1991-10-11', 'matheus@email.com',  '41940725074', 'cliente',     '202CB962AC59075B964B07152D234B70'),
  (10, '08054962622', 'Mariana',  'Oliveira',   '1954-11-09', 'mariana@email.com',  '4131210440',  'cliente',     '202CB962AC59075B964B07152D234B70'),
  (11, '90498121208', 'Giovana',  'Cardoso',    '1969-10-15', 'giovana@email.com',  '41913015180', 'cliente',     '202CB962AC59075B964B07152D234B70'),
  (12, '73812059479', 'Gabriela', 'Amaral',     '1954-04-21', 'gabriela@email.com', '41913405247', 'cliente',     '202CB962AC59075B964B07152D234B70'),
  (13, '20165379812', 'David',    'Machado',    '1994-01-27', 'david@email.com',    '4130798635',  'cliente',     '202CB962AC59075B964B07152D234B70'),
  (14, '75932242108', 'Marina',   'Marins',     '1986-04-27', 'marina@email.com',   '41913405247', 'cliente',     '202CB962AC59075B964B07152D234B70'),
  (15, '90534089240', 'Alice',    'Muxfeldt',   '1951-02-22', 'alice@email.com',    '41970342500', 'cliente',     '202CB962AC59075B964B07152D234B70'),
  (16, '54466773076', 'Gabriel',  'Borgo',      '1961-03-12', 'gabriel@email.com',  '41957055265', 'cliente',     '202CB962AC59075B964B07152D234B70'),
  (17, '81160961506', 'Lucas',    'Moreira',    '1970-08-19', 'lucas@email.com',    '4130114466',  'cliente',     '202CB962AC59075B964B07152D234B70'),
  (18, '09434959209', 'Pedro',    'Krepsky',    '1953-02-13', 'pedro@email.com.br', '41980610150', 'cliente',     '202CB962AC59075B964B07152D234B70'),
  (19, '88931040083', 'Mariano',  'Costa',      '1989-04-21', 'mariano@email.com',  '41913015180', 'cliente',     '202CB962AC59075B964B07152D234B70'),
  (20, '59851539597', 'Mauro',    'Mazzarotto', '1980-01-25', 'mauro@email.com',    '41982510100', 'cliente',     '202CB962AC59075B964B07152D234B70');
ALTER SEQUENCE users_id_seq RESTART WITH 21;

INSERT INTO addresses(user_id, zip_code, street, number, complement, city, state_id) VALUES
  (1,  '69029285', 'Rua Gustavo Oliveira',    100, '',          'Curitiba',       16),
  (2,  '69029285', 'Rua Matsunaga',           200, 'Apt 65',    'Curitiba',       16),
  (3,  '69029285', 'Rua da Banda',            300, '',          'Curitiba',       16),
  (4,  '69029285', 'Rua do Lago Nessy',       400, 'Apt 34-B',  'Curitiba',       16),
  (5,  '69029285', 'Rua Le Parkour',          500, 'Bloco A',   'Curitiba',       16),
  (6,  '69029285', 'Rua Anita Garibald',      722, '',          'Rio de Janeiro', 19),
  (7,  '13015180', 'Praça Anita Garibaldi',   486, '',          'São Paulo',      25),
  (8,  '13015180', 'Praça Anita Garibaldi',   288, 'apto 109',  'São Paulo',      25),
  (9,  '40725074', 'Rua Anita Cajado',        898, '',          'Curitiba',       16),
  (10, '31210440', 'Rua Anfibólios',          399, 'apt. 88',   'São Paulo',      25),
  (11, '13015180', 'Praça Anita Garibaldi',   997, 'casa 6',    'Rio de Janeiro', 19),
  (12, '13405247', 'Travessa Ângelo Valler',  670, '',          'Rio de Janeiro', 19),
  (13, '13015180', 'Praça Anita Garibaldi',   992, 'Apt 86C',   'Curitiba',       16),
  (14, '13405247', 'Travessa Ângelo Valler',  298, 'bloco 3',   'Porto Alegre',   21),
  (15, '70342500', 'Quadra CLS 103',          650, 'apt 71',    'São Paulo',      25),
  (16, '57055265', 'Rua Antenor de Oliveira', 239, '',          'São Paulo',      25),
  (17, '57055265', 'Rua Anita Cajado',        715, 'Casa 3',    'Curitiba',       16),
  (18, '80610150', 'Rua Morretes',            753, '',          'Porto Alegre',   21),
  (19, '13015180', 'Praça Anita Garibaldi',   611, 'Apto 80',   'Rio de Janeiro', 19),
  (20, '82510100', 'Rua Venezuela',           189, 'apart. 91', 'Porto Alegre',   21);
