
-- SGBD: PosgreSQL v11

-- Excluir esquemas conflitantes
DROP TABLE IF EXISTS ticket_messages;
DROP TABLE IF EXISTS tickets;
DROP TABLE IF EXISTS ticket_status;
DROP TABLE IF EXISTS ticket_types;
DROP TABLE IF EXISTS products;
DROP TABLE IF EXISTS categories;
DROP TABLE IF EXISTS addresses;
DROP TABLE IF EXISTS users;
DROP TABLE IF EXISTS states;

-- Tebela de Usuários
CREATE TABLE users(
  id SERIAL PRIMARY KEY,
  first_name VARCHAR(30) NOT NULL,
  last_name VARCHAR(150) NOT NULL,
  cpf CHAR(11) NOT NULL UNIQUE,
  date_birth DATE NOT NULL,
  email VARCHAR(255) NOT NULL UNIQUE,
  phone VARCHAR(16),
  role VARCHAR(32) NOT NULL,
  password VARCHAR(255)
);

-- Tabela de Estados
CREATE TABLE states(
  id SERIAL PRIMARY KEY,
  name VARCHAR(50) NOT NULL,
  abrev CHAR(2) NOT NULL
);

-- Tabela de Endereços
CREATE TABLE addresses(
  user_id SERIAL PRIMARY KEY REFERENCES users(id),
  zip_code CHAR(8),
  street VARCHAR(255),
  number INT,
  complement VARCHAR(30),
  neightborhood VARCHAR(80),
  city VARCHAR(80),
  state_id INT REFERENCES states(id)
);

-- Tabela de CAtegorias de Produtos
CREATE TABLE categories(
  id SERIAL PRIMARY KEY,
  name VARCHAR(255) NOT NULL
);

-- Tabela de Produtos
CREATE TABLE products(
  id SERIAL PRIMARY KEY,
  name VARCHAR(50) NOT NULL,
  description VARCHAR(255),
  weight FLOAT,
  utc_code CHAR(12) NOT NULL UNIQUE,
  ean_code CHAR(13) UNIQUE,
  category_id INT NOT NULL REFERENCES categories(id)
);

-- Tabelas de atributos de Atendimentos
CREATE TABLE ticket_types(
  id SERIAL PRIMARY KEY,
  name VARCHAR(255) NOT NULL
);
CREATE TABLE ticket_status(
  id SERIAL PRIMARY KEY,
  name VARCHAR(30) NOT NULL
);

-- TAbela de Atendimentos
CREATE TABLE tickets(
  id SERIAL PRIMARY KEY,
  opening_date TIMESTAMP NOT NULL,
  closing_date TIMESTAMP,
  created_by INT NOT NULL REFERENCES users(id),
  type_id INT NOT NULL REFERENCES ticket_types(id),
  status_id INT NOT NULL REFERENCES ticket_status(id),
  product_id INT NOT NULL REFERENCES products(id)
);

-- Tabela de Mensagens de Atendimento
CREATE TABLE ticket_messages(
  id SERIAL PRIMARY KEY,
  message TEXT NOT NULL,
  user_id INT NOT NULL REFERENCES users(id),
  ticket_id INT NOT NULL REFERENCES tickets(id),
  send_date TIMESTAMP NOT NULL
);

-- Popular tabela 'states'
INSERT INTO states(id, abrev, name) VALUES
  (1,  'AC', 'Acre'),
  (2,  'AL', 'Alagoas'),
  (3,  'AP', 'Amapá'),
  (4,  'AM', 'Amazonas'),
  (5,  'BA', 'Bahia'),
  (6,  'CE', 'Ceará'),
  (7,  'DF', 'Distrito Federal'),
  (8,  'ES', 'Espírito Santo'),
  (9,  'GO', 'Goiás'),
  (10, 'MA', 'Maranhão'),
  (11, 'MT', 'Mato Grosso'),
  (12, 'MS', 'Mato Grosso do Sul'),
  (13, 'MG', 'Minas Gerais'),
  (14, 'PA', 'Pará'),
  (15, 'PB', 'Paraíba'),
  (16, 'PR', 'Paraná'),
  (17, 'PE', 'Pernambuco'),
  (18, 'PI', 'Piauí'),
  (19, 'RJ', 'Rio de Janeiro'),
  (20, 'RN', 'Rio Grande do Norte'),
  (21, 'RS', 'Rio Grande do Sul'),
  (22, 'RO', 'Rondônia'),
  (23, 'RR', 'Roraima'),
  (24, 'SC', 'Santa Catarina'),
  (25, 'SP', 'São Paulo'),
  (26, 'SG', 'Sergipe'),
  (27, 'TO', 'Tocantins');

INSERT INTO users(id, cpf, first_name, last_name, date_birth, email, phone, role, password) VALUES
  (1,  '22649526798', 'André',       'Antunes',    '1990-01-01', 'andre@email.com',    '41969029285', 'gerente',     '202CB962AC59075B964B07152D234B70'),
  (2,  '90498121209', 'Aurélio',     'Shizuo',     '1989-02-02', 'aurelio@email.com',  '41969029285', 'funcionario', '202CB962AC59075B964B07152D234B70'),
  (3,  '90534089241', 'Cassiano',    'Vidal',      '1987-03-03', 'cassiano@email.com', '41969029285', 'funcionario', '202CB962AC59075B964B07152D234B70'),
  (4,  '09434959208', 'Júlio',       'Müller',     '1992-04-04', 'julio@email.com',    '41969029285', 'gerente',     '202CB962AC59075B964B07152D234B70'),
  (5,  '59851539594', 'Wesley',      'Caetano',    '2000-05-05', 'vvesley@email.com',  '41969029285', 'funcionario', '202CB962AC59075B964B07152D234B70'),
  (6,  '63837430073', 'Gerente',     'Visitante',  '1984-04-10', 'gerente@email.com',  '41999999999', 'gerente',     'E19D5CD5AF0378DA05F63F891C7467AF'),
  (7,  '46513906091', 'Funcionário', 'Visitante',  '1960-03-20', 'func@email.com',     '41999999999', 'funcionario', 'E19D5CD5AF0378DA05F63F891C7467AF'),
  (8,  '22649526793', 'Cliente',     'Visitante',  '1950-11-25', 'cliente@email.com',  '41999999999', 'cliente',     'E19D5CD5AF0378DA05F63F891C7467AF'),
  (9,  '83128933006', 'Matheus',     'Teixeira',   '1991-10-11', 'matheus@email.com',  '41940725074', 'cliente',     '202CB962AC59075B964B07152D234B70'),
  (10, '08054962622', 'Mariana',     'Oliveira',   '1954-11-09', 'mariana@email.com',  '4131210440',  'cliente',     '202CB962AC59075B964B07152D234B70'),
  (11, '90498121208', 'Giovana',     'Cardoso',    '1969-10-15', 'giovana@email.com',  '41913015180', 'cliente',     '202CB962AC59075B964B07152D234B70'),
  (12, '73812059479', 'Gabriela',    'Amaral',     '1954-04-21', 'gabriela@email.com', '41913405247', 'cliente',     '202CB962AC59075B964B07152D234B70'),
  (13, '20165379812', 'David',       'Machado',    '1994-01-27', 'david@email.com',    '4130798635',  'cliente',     '202CB962AC59075B964B07152D234B70'),
  (14, '75932242108', 'Marina',      'Marins',     '1986-04-27', 'marina@email.com',   '41913405247', 'cliente',     '202CB962AC59075B964B07152D234B70'),
  (15, '90534089240', 'Alice',       'Muxfeldt',   '1951-02-22', 'alice@email.com',    '41970342500', 'cliente',     '202CB962AC59075B964B07152D234B70'),
  (16, '54466773076', 'Gabriel',     'Borgo',      '1961-03-12', 'gabriel@email.com',  '41957055265', 'cliente',     '202CB962AC59075B964B07152D234B70'),
  (17, '81160961506', 'Lucas',       'Moreira',    '1970-08-19', 'lucas@email.com',    '4130114466',  'cliente',     '202CB962AC59075B964B07152D234B70'),
  (18, '09434959209', 'Pedro',       'Krepsky',    '1953-02-13', 'pedro@email.com.br', '41980610150', 'cliente',     '202CB962AC59075B964B07152D234B70'),
  (19, '88931040083', 'Mariano',     'Costa',      '1989-04-21', 'mariano@email.com',  '41913015180', 'cliente',     '202CB962AC59075B964B07152D234B70'),
  (20, '59851539597', 'Mauro',       'Mazzarotto', '1980-01-25', 'mauro@email.com',    '41982510100', 'cliente',     '202CB962AC59075B964B07152D234B70');
ALTER SEQUENCE users_id_seq RESTART WITH 21;

INSERT INTO addresses(user_id, zip_code, street, number, complement, city, state_id) VALUES
  (1,  '69029285', 'Rua Gustavo Oliveira',    100, '',          'Curitiba',       16),
  (2,  '69029285', 'Rua Matsunaga',           200, 'Apt 65',    'Curitiba',       16),
  (3,  '69029285', 'Rua da Banda',            300, '',          'Curitiba',       16),
  (4,  '69029285', 'Rua do Lago Nessy',       400, 'Apt 34-B',  'Curitiba',       16),
  (5,  '69029285', 'Rua Le Parkour',          500, 'Bloco A',   'Curitiba',       16),
  (6,  '69029285', 'Rua Anita Garibald',      722, '',          'Rio de Janeiro', 19),
  (7,  '13015180', 'Praça Anita Garibaldi',   486, '',          'São Paulo',      25),
  (8,  '13015180', 'Praça Anita Garibaldi',   288, 'apto 109',  'São Paulo',      25),
  (9,  '40725074', 'Rua Anita Cajado',        898, '',          'Curitiba',       16),
  (10, '31210440', 'Rua Anfibólios',          399, 'apt. 88',   'São Paulo',      25),
  (11, '13015180', 'Praça Anita Garibaldi',   997, 'casa 6',    'Rio de Janeiro', 19),
  (12, '13405247', 'Travessa Ângelo Valler',  670, '',          'Rio de Janeiro', 19),
  (13, '13015180', 'Praça Anita Garibaldi',   992, 'Apt 86C',   'Curitiba',       16),
  (14, '13405247', 'Travessa Ângelo Valler',  298, 'bloco 3',   'Porto Alegre',   21),
  (15, '70342500', 'Quadra CLS 103',          650, 'apt 71',    'São Paulo',      25),
  (16, '57055265', 'Rua Antenor de Oliveira', 239, '',          'São Paulo',      25),
  (17, '57055265', 'Rua Anita Cajado',        715, 'Casa 3',    'Curitiba',       16),
  (18, '80610150', 'Rua Morretes',            753, '',          'Porto Alegre',   21),
  (19, '13015180', 'Praça Anita Garibaldi',   611, 'Apto 80',   'Rio de Janeiro', 19),
  (20, '82510100', 'Rua Venezuela',           189, 'apart. 91', 'Porto Alegre',   21);

INSERT INTO categories(id, name) VALUES
  (1, 'Perfumaria'),
  (2, 'Maquiagem'),
  (3, 'Cabelos'),
  (4, 'Corpo & Banho'),
  (5, 'Linha Solar'),
  (6, 'Unha'),
  (7, 'Infantil & Teen');
ALTER SEQUENCE categories_id_seq RESTART WITH 8;

INSERT INTO products(id, name, category_id, weight, utc_code, ean_code, description) VALUES
  (1,  'Fede Menos Woman',       1, 200, '789574369740', '4933719930727', 'Lorem ipsum dolor sit amet, consectetur adipisicing elit. Sed impedit nobis nemo, perspiciatis ea culpa, provident aspernatur porro molestias ipsum, qui quam consectetur vitae aliquid perferendis quia hic omnis praesentium!'),
  (2,  'Nativa Spa Lichia',      4, 830, '789142791003', '4436084442766', 'Voluptatibus mollitia consectetur sapiente adipisci accusamus dolor fugit quibusdam sed optio, natus vitae officiis molestiae dolorem consequuntur magnam? Accusantium laudantium quisquam aperiam nulla quasi fugit, aliquid excepturi fuga aut a!'),
  (3,  'Cuide-se Bem Lavanda',   4, 951, '789692125377', '5167674824980', 'Labore veritatis accusamus sequi laboriosam quam nostrum, quisquam odio corrupti dolores veniam quae blanditiis eius libero omnis eaque id nemo dolorum repellendus, voluptatum ea voluptatibus alias facilis. Architecto, quod odio.'),
  (4,  'Tchera Melhor',          1, 200, '789866720022', '7237471772408', 'Libero at temporibus labore, molestiae rerum porro in ab sint! Suscipit hic libero itaque. Corporis nobis maxime corrupti et autem praesentium, amet, suscipit asperiores nulla sunt doloribus consequatur fuga culpa.'),
  (5,  'Recsona 24h',            1, 121, '789569188231', '3482876018268', 'Est quis repellendus ea, necessitatibus eos repellat ipsam iure perferendis harum reprehenderit temporibus et ducimus id earum nulla, minus ratione ab quaerat saepe praesentium accusamus quidem soluta debitis reiciendis. At!'),
  (6,  'Cuide-se Bem Loção',     4, 847, '789560262727', '8414732107397', 'Quam, doloremque dicta quaerat numquam architecto sequi excepturi necessitatibus quibusdam dolorem quae est accusamus placeat eos voluptatem voluptatibus a ducimus nesciunt eum vitae. Quidem, aut repellat sint eveniet qui ullam.'),
  (7,  'Elysea Crème Acetinado', 4, 149, '789383001072', '0390969171770', 'Facilis eaque architecto cum cupiditate quisquam consequatur vel numquam itaque, aut voluptatem eveniet explicabo dolores perspiciatis qui. Hic dolores inventore perferendis dignissimos deserunt tenetur doloribus cumque quas, enim sequi assumenda.'),
  (8,  'Recsona Black',          1, 121, '789360017278', '3021370925322', 'Aspernatur sequi quam soluta officiis, corporis exercitationem quibusdam corrupti tempora saepe voluptatem dolor, facere blanditiis reiciendis velit praesentium expedita. Qui optio ratione aut vitae, doloremque omnis enim quam consequatur sequi.'),
  (9,  'Make B. Base Líquida',   2,  80, '789878114353', '5382911167181', 'Quaerat, accusantium aliquid autem, dolores temporibus aut saepe repellat eos ullam tempora natus officia minus omnis est sed ad quis eligendi maiores quasi nesciunt exercitationem molestias numquam! Facere, praesentium animi.'),
  (10, 'Recsona Biribinha Strike',            1, 121, '789267174229', '4205209367545', 'Recusandae omnis adipisci accusamus quisquam expedita rem molestiae aspernatur, fuga dignissimos vero alias, a est, natus obcaecati magnam autem placeat veniam impedit excepturi inventore perferendis. Quisquam necessitatibus numquam sit animi.'),
  (11, 'Cuide-se Bem Erva Doce', 4, 284, '789484875339', '0682446505942', 'Temporibus saepe expedita quos iste, facilis sunt eius mollitia soluta! Nihil enim autem pariatur ex velit, obcaecati quos fugit maxime ipsam iste? Amet explicabo sed exercitationem culpa, maxime a in.'),
  (12, 'Sãndaum 30',             5, 883, '789599036815', '2757669258687', 'Tempora ipsam labore alias totam sed nobis consequuntur, ducimus dignissimos animi id esse, voluptas ad dolore quos quaerat excepturi. Eligendi est labore, ipsam voluptatem inventore ea perferendis sapiente repellat voluptate?'),
  (13, 'Nativa Spa Ameixa',      4, 844, '789021488178', '2165059224825', 'Minus facere, numquam modi commodi facilis harum, quaerat voluptatum voluptatibus nulla tempore officia. Saepe culpa impedit modi minima minus aliquid repellendus ad aspernatur fugit. Dolorem magni amet corporis ea accusantium?'),
  (14, 'Tchira Hodor Femini',    1, 200, '789398212627', '7732040969581', 'Mollitia modi doloremque ab sint praesentium aperiam et quae quas error optio natus asperiores provident, a consequatur porro! Amet minima nulla eum ducimus a aperiam modi impedit voluptas necessitatibus fugit.'),
  (15, 'Tchira Hodor Boy',       1, 220, '789213541018', '9980887886082', 'Accusamus sunt mollitia ab enim rem. Natus vel tempora repellendus quod nemo sunt explicabo illo id, assumenda omnis aut consectetur sequi, reprehenderit eveniet aperiam! Cupiditate consequatur repudiandae dolor repellendus neque.'),
  (16, 'Tchera Katingha',        1, 220, '789221562754', '0905637370045', 'Ipsum, rem dolor omnis consequuntur neque voluptatum tempora. Modi saepe, aperiam eius voluptas consectetur beatae ipsam laborum, dignissimos temporibus asperiores rerum neque cumque, doloribus perferendis atque. Tempore vitae labore odit.'),
  (17, 'Petit Sophie',           7, 111, '789159122759', '4891352331377', 'Distinctio dolor quas mollitia iure in quidem quis. Rerum, iste amet aliquam odit adipisci, incidunt, asperiores pariatur impedit consectetur maiores saepe quo. Esse porro tempora at ipsam optio modi unde.'),
  (18, 'Recsona Light',          1, 121, '789832471682', '0836859741170', 'Deleniti molestiae commodi consequuntur magnam blanditiis eveniet temporibus voluptas minima! Quae omnis molestias voluptatum voluptas labore, hic maxime provident dolore delectus aspernatur magnam fugit eos numquam voluptates, reiciendis iure ipsam!'),
  (19, 'Nativa Spa',             3, 857, '789945068262', '1662445861223', 'Enim ducimus non ipsum. Nulla cupiditate beatae quasi deleniti odio. Eveniet ipsam quam ex est, laborum minima sapiente aliquid. Assumenda rerum numquam accusamus dolore. Laborum totam iusto enim beatae ratione.'),
  (20, 'Make B. Base Mate',      2, 422, '789323689103', '9372969818713', 'Iusto repellat modi doloribus eaque id obcaecati autem cumque magni, nostrum sed totam reprehenderit, placeat ipsum distinctio dolorem nulla sit sapiente maiores sint libero voluptatum nobis tempore maxime unde? Aut!'),
  (21, 'Make B. Pincel Base',    2, 309, '789443962319', '9973432569179', 'Ad eligendi totam sit qui dignissimos odio distinctio repellendus nam doloribus natus nisi, fugiat fugit nobis nulla laudantium debitis, veritatis minus vitae nihil laboriosam libero! Perferendis, ad deserunt. Fugiat, dignissimos.'),
  (22, 'Boti Baby',              7,  24, '789102060564', '4056730060867', 'Eius tempora cumque aspernatur nisi itaque consectetur ab, corrupti expedita! Perferendis aspernatur repellat dolor impedit tempora dolores cumque est quibusdam harum. Quidem, cumque et? Et dicta officiis ratione itaque hic!'),
  (23, 'Kit Glamour',            2, 291, '789602213615', '3799573282541', 'Quos quasi consequatur doloribus ut corrupti inventore explicabo recusandae! Aspernatur nemo iure vitae quasi delectus voluptatibus rerum, accusamus atque voluptatum cum quibusdam repellendus dolores cupiditate eum! Maxime dolor error id!'),
  (24, 'Estojo de Pincéis',      2, 125, '789081405022', '5248956566684', 'Aut nam, quia ipsum hic cum pariatur odio natus, sed ipsa consequuntur ex delectus assumenda. Aspernatur itaque numquam ipsam, eius perferendis sunt ex. Eligendi, sed aspernatur! Eligendi explicabo magnam necessitatibus.'),
  (25, 'Match Nutrição',         3, 677, '789919728631', '7086750456716', 'Qui, facere commodi, laborum necessitatibus id deserunt consequatur deleniti dicta inventore sit adipisci reprehenderit ab sed. Deserunt voluptatem obcaecati accusamus laudantium, aliquid ea incidunt mollitia natus commodi nostrum blanditiis! Eos!'),
  (26, 'Cuide-se mais ou menos bem',           3, 100, '789002087371', '6231879704935', 'Perferendis voluptatem atque quos quo eos tempora perspiciatis, temporibus architecto saepe qui at, optio, similique sed nihil? Placeat earum itaque omnis iusto, iste illum quas laboriosam quasi eligendi ipsum porro.'),
  (27, 'Esmalte Vermelho Java',  6, 404, '789176457383', '5058873723640', 'Eligendi quidem error ducimus ex voluptatibus, eum fuga accusamus possimus libero inventore qui assumenda, quibusdam facilis delectus. Vel incidunt asperiores rem accusamus. Laborum cum, quo blanditiis dignissimos perferendis labore tenetur?'),
  (28, 'Esmalte Preto Sol',      6, 510, '789265669656', '6534299499922', 'Minima, porro quo recusandae enim molestias maxime a corrupti reprehenderit dicta tempore fugit, omnis quaerat vitae, autem ea assumenda iusto voluptatibus. Ullam velit pariatur, similique illum voluptates reiciendis dolor ut?'),
  (29, 'Sãndaum 45',             5, 111, '789847810401', '6461971607509', 'Ipsam quis libero provident nulla dignissimos temporibus voluptatum, architecto laborum eius necessitatibus maiores. Omnis vitae, iste sunt odio, incidunt beatae, mollitia fugit eius enim labore dignissimos. Laborum unde eaque possimus.'),
  (30, 'Like Shwazeneger',       5, 612, '789580694771', '2597382354021', 'Provident veniam facere cumque. Ducimus corporis soluta nobis corrupti cupiditate explicabo minima iure dolorum quisquam sequi, harum omnis odit unde porro accusamus nisi cum quia voluptate reprehenderit debitis. Nihil, explicabo!'),
  (31, 'Intense Toalha',         2, 883, '789170448317', '7535603418691', 'Atque a in vitae rem non aliquid earum at. Illum facere aliquid adipisci, doloribus impedit exercitationem quae iste nostrum ex facilis enim illo dolorum ipsum ducimus, voluptates officia quibusdam saepe?'),
  (32, 'Cuide-se Bem',           3, 582, '789470245406', '4497106928402', 'Molestias ab eligendi ipsa, nemo corrupti hic modi et ex magnam quam officiis fugit magni delectus, sed quaerat facilis rerum dicta aliquam quas provident! Quia eius delectus ad quidem optio!'),
  (33, 'Esmalte Azul Cocô',      6, 929, '789192255198', '8256724202923', 'Iste reiciendis perferendis nisi odit voluptate suscipit saepe, possimus voluptates voluptatibus itaque delectus quae quod rerum ex explicabo aliquid cum in laborum sit. Nostrum ipsa dolores a, recusandae vel perferendis.'),
  (34, 'Make B. Delineador',     2, 899, '789732871245', '8405982988342', 'Id maxime, enim nesciunt dolore, magnam fuga laboriosam repellat culpa, veniam itaque veritatis libero obcaecati. Ex, quaerat facere maxime amet pariatur vel voluptatem! Vel aut illo iste corporis maiores quasi.'),
  (35, 'Intense Lápis Olhos',    2, 561, '789831063575', '7485633663397', 'Perferendis aut exercitationem numquam vero facilis eveniet officiis ipsum aliquid nihil cupiditate possimus sequi autem quod nobis cumque iure, rem assumenda molestiae est omnis ea quidem in molestias nam. Perferendis.'),
  (36, 'Intense Cremoso',        2, 185, '789061677923', '7877477696025', 'Dolorum, perferendis distinctio fugiat nulla atque quaerat labore officiis magni minus, eum, quibusdam laboriosam impedit! Unde hic, sed dicta repudiandae dolor aliquam laborum explicabo harum nesciunt eaque maiores quis fuga.'),
  (37, 'Make B. Escônia',        2, 666, '789557967487', '1307837233943', 'Ducimus, aut quisquam laudantium perferendis, vitae consequuntur consectetur quos adipisci numquam esse corporis obcaecati eaque odio tempora tenetur blanditiis assumenda. Eum quae deserunt totam! Quis libero facere nulla nemo ipsam?'),
  (38, 'Esmalte Roxo Pum',       6, 267, '789442021071', '2508694506118', 'Doloremque suscipit quo cumque nostrum minus tempore nulla iste ipsam id, error at totam nesciunt deserunt a in quis commodi similique. Rem cum doloribus necessitatibus unde nobis nesciunt architecto modi?'),
  (39, 'Make B. ',               2, 836, '789425574838', '8966258416377', 'Laudantium alias, eos rerum aliquid minus perspiciatis cumque ullam fugit totam mollitia animi rem amet. Aperiam mollitia explicabo asperiores, ex non voluptas debitis ab qui veritatis optio laboriosam veniam obcaecati?'),
  (40, 'Make B. Stick',          2, 391, '789255160909', '7755393122791', 'Corporis aperiam quae cumque maxime, ratione laboriosam consectetur quis, iusto beatae et animi! Consectetur, cumque iste culpa et eveniet quia architecto alias libero nisi, minima dignissimos placeat ipsa consequatur reprehenderit.'),
  (41, 'Intense',                2, 382, '789425112366', '1427632532171', 'Dicta labore harum animi! Ex rem architecto, ullam, animi delectus nobis possimus voluptatum velit totam natus dolore! Suscipit officiis nulla quaerat nesciunt quae unde. Quae iure nobis fugiat ut mollitia?'),
  (42, 'Match Crescer',          3, 675, '789305184853', '4057766318107', 'Aliquam quia rerum assumenda maxime odio? Placeat libero quibusdam recusandae expedita alias at mollitia? Est tenetur explicabo, voluptas aliquid, similique temporibus quas corporis illo modi cumque quam animi molestiae possimus!'),
  (43, 'Anus Hair Untangler Dreascape Dub Step Edition',         3, 503, '789898535446', '4693743090045', 'Omnis rerum soluta hic, dolore quidem adipisci aliquid eos molestiae recusandae aperiam accusamus. Eum, necessitatibus unde aut nemo, exercitationem molestias illum saepe voluptates quam tempora delectus consequuntur numquam amet tempore.'),
  (44, 'Fede Menos Man',         1, 220, '789771805097', '5761773996942', 'Officia dignissimos adipisci placeat est nihil, obcaecati in veritatis officiis sint mollitia, et minus corrupti molestias rerum animi numquam nemo ipsum, ab debitis culpa eius dolores quam magni fugit. Tempora.'),
  (45, 'Intense Super Fresh!',   2, 219, '789537334144', '3470190616876', 'Officiis temporibus eos nesciunt repudiandae quam autem! Ea excepturi quis velit deserunt, odit nisi corrupti commodi similique omnis, perferendis non facilis accusantium, recusandae tempore labore consectetur distinctio accusamus doloremque fuga?');
ALTER SEQUENCE products_id_seq RESTART WITH 46;

INSERT INTO ticket_types(id, name) VALUES
  (1,  'Dúvida'),
  (2,  'Reclamação'),
  (3,  'Sugestão'),
  (99, 'Outro');
ALTER SEQUENCE ticket_types_id_seq RESTART WITH 4;

INSERT INTO ticket_status(id, name) VALUES
  (1,  'Aberto'),
  (2,  'Fechado');
ALTER SEQUENCE ticket_status_id_seq RESTART WITH 3;

INSERT INTO tickets(id, opening_date, closing_date, created_by, type_id, status_id, product_id) VALUES
  (1,   '2019-11-19 11:29:53', '2019-11-25 09:26:43', 14, 99, 2,  1),
  (2,   '2019-05-10 11:44:47', '2019-05-11 07:41:54',  9, 99, 2, 45),
  (3,   '2019-11-19 10:59:39', '2019-11-21 02:50:32', 15,  1, 2, 38),
  (4,   '2019-09-03 00:21:31', '2019-09-04 16:39:44',  9,  3, 2,  9),
  (5,   '2019-01-06 11:15:11', '2019-01-07 07:21:23', 11,  1, 2, 15),
  (6,   '2019-04-30 13:12:29', '2019-05-02 00:37:46', 18, 99, 2, 29),
  (7,   '2019-08-09 17:39:35', '2019-08-14 00:21:13',  9, 99, 2,  9),
  (8,   '2019-01-25 09:21:26', '2019-01-28 05:11:33',  9,  3, 2, 34),
  (9,   '2019-09-08 20:39:40', '2019-09-10 02:38:26', 17,  3, 2,  3),
  (10,  '2019-03-10 04:39:24', '2019-03-11 03:27:20', 13, 99, 2, 20),
  (11,  '2019-04-11 21:51:41', '2019-04-14 16:39:32', 16,  1, 2, 33),
  (12,  '2019-10-12 04:10:12', '2019-10-12 18:53:53', 13,  3, 2, 22),
  (13,  '2019-07-12 18:08:20', '2019-07-18 20:58:51', 17,  1, 2,  9),
  (14,  '2019-04-16 20:09:15', '2019-04-21 09:20:48',  8,  1, 2, 20),
  (15,  '2019-09-20 16:27:09', '2019-09-21 11:17:33',  8, 99, 2,  2),
  (16,  '2019-03-08 10:33:16', '2019-03-12 13:05:24',  9, 99, 2,  7),
  (17,  '2019-03-30 23:50:49', NULL,                  13,  2, 1, 20),
  (18,  '2019-10-01 07:41:11', NULL,                  19,  1, 1, 35),
  (19,  '2019-08-30 17:07:49', '2019-09-04 11:52:35', 16,  1, 2, 12),
  (20,  '2019-05-02 11:52:08', '2019-05-04 01:51:54', 16,  1, 2, 23),
  (21,  '2019-06-17 10:47:41', '2019-06-19 04:49:20', 14, 99, 2, 31),
  (22,  '2019-05-04 04:27:18', '2019-05-07 03:00:51',  8,  2, 2, 19),
  (23,  '2019-07-12 22:03:56', NULL,                  10,  3, 1,  3),
  (24,  '2019-10-13 16:56:12', '2019-10-17 06:03:36', 11,  3, 2,  7),
  (25,  '2019-04-04 08:10:10', '2019-04-08 20:43:09',  8,  3, 2, 40),
  (26,  '2019-07-27 03:07:26', '2019-07-28 18:16:26', 15,  2, 2,  7),
  (27,  '2019-02-15 13:20:46', '2019-02-20 05:21:26',  8, 99, 2,  9),
  (28,  '2019-05-04 07:54:53', '2019-05-07 05:37:35', 14, 99, 2,  5),
  (29,  '2019-08-30 03:08:43', NULL,                   8,  1, 1,  4),
  (30,  '2019-07-27 10:24:01', '2019-07-28 00:49:45', 15,  2, 2, 28),
  (31,  '2019-07-04 16:31:38', '2019-07-05 05:06:06',  8,  2, 2, 25),
  (32,  '2019-05-09 10:34:51', '2019-05-12 02:12:09', 19,  1, 2, 43),
  (33,  '2019-08-11 15:32:54', NULL,                   9,  1, 1, 19),
  (34,  '2019-03-04 12:30:37', NULL,                   8,  3, 1, 40),
  (35,  '2019-05-30 13:34:25', NULL,                  11,  3, 1, 32),
  (36,  '2019-11-05 11:41:13', NULL,                  14, 99, 1, 28),
  (37,  '2019-03-03 10:47:27', '2019-03-06 17:14:56', 12,  3, 2, 37),
  (38,  '2019-11-10 22:02:41', '2019-11-12 02:11:37',  8,  1, 2, 34),
  (39,  '2019-09-09 03:45:19', '2019-09-14 04:03:14',  9,  2, 2, 15),
  (40,  '2019-09-09 16:13:22', '2019-09-15 05:13:01',  9,  2, 2, 41),
  (41,  '2019-01-28 01:07:12', NULL,                  17,  1, 1,  1),
  (42,  '2019-01-07 01:46:43', '2019-01-10 11:07:01',  9,  3, 2, 22),
  (43,  '2019-04-13 03:11:44', '2019-04-14 20:23:23', 11,  1, 2, 22),
  (44,  '2019-11-09 05:01:24', '2019-11-11 12:24:20', 16,  3, 2, 33),
  (45,  '2019-04-29 00:16:30', '2019-05-03 11:53:05',  8,  1, 2, 17),
  (46,  '2019-04-23 19:13:39', NULL,                  10,  3, 1, 21),
  (47,  '2019-08-16 02:03:43', '2019-08-16 10:58:41', 15,  3, 2,  2),
  (48,  '2019-10-24 14:27:06', NULL,                  11, 99, 1, 21),
  (49,  '2019-01-09 04:23:18', '2019-01-10 19:01:09', 11,  3, 2, 20),
  (50,  '2019-04-24 21:14:16', '2019-04-26 10:01:42', 13,  1, 2, 26),
  (51,  '2019-01-31 04:33:37', '2019-02-02 19:11:42', 17,  3, 2, 11),
  (52,  '2019-08-31 01:02:27', '2019-09-01 14:53:35',  8,  1, 2,  2),
  (53,  '2019-01-17 15:03:41', '2019-01-20 02:46:03', 16,  3, 2,  2),
  (54,  '2019-10-31 06:47:31', '2019-11-01 13:46:29', 17, 99, 2, 20),
  (55,  '2019-02-20 02:48:49', '2019-02-22 02:48:54', 19, 99, 2,  6),
  (56,  '2019-03-18 05:20:05', '2019-03-18 05:45:01',  8,  1, 2, 14),
  (57,  '2019-11-04 12:41:41', '2019-11-09 09:57:41', 10, 99, 2,  1),
  (58,  '2019-09-25 12:32:18', '2019-09-29 16:52:49', 17,  1, 2, 39),
  (59,  '2019-10-13 17:47:20', '2019-10-15 22:40:51', 10,  1, 2, 32),
  (60,  '2019-07-26 20:02:22', NULL,                  13,  2, 1, 42),
  (61,  '2019-07-04 12:45:44', '2019-07-11 00:18:49', 18,  3, 2, 40),
  (62,  '2019-03-14 23:34:16', NULL,                  11,  2, 1, 43),
  (63,  '2019-07-08 12:07:37', '2019-07-12 23:58:16', 12,  2, 2, 43),
  (64,  '2019-03-14 19:09:52', '2019-03-15 21:27:20', 17,  1, 2, 14),
  (65,  '2019-03-22 02:10:48', '2019-03-23 06:55:48', 10,  3, 2, 41),
  (66,  '2019-06-03 13:07:36', '2019-06-04 17:07:24', 16,  1, 2,  7),
  (67,  '2019-07-05 09:18:37', '2019-07-06 02:22:02',  9,  3, 2, 35),
  (68,  '2019-02-16 00:48:53', '2019-02-17 22:59:51', 13, 99, 2, 26),
  (69,  '2019-10-06 05:02:14', '2019-10-10 22:47:20',  6,  3, 2, 25),
  (70,  '2019-03-04 07:48:00', '2019-03-06 02:16:17', 12,  2, 2, 35),
  (71,  '2019-04-14 07:33:45', NULL,                  14,  3, 1,  6),
  (72,  '2019-03-15 12:12:51', '2019-03-17 05:45:13', 10,  3, 2, 35),
  (73,  '2019-11-25 17:19:00', NULL,                  11,  1, 1, 16),
  (74,  '2019-06-04 12:47:13', '2019-06-04 18:32:19', 18,  1, 2, 26),
  (75,  '2019-05-05 02:14:28', '2019-05-06 18:03:50', 18, 99, 2, 43),
  (76,  '2019-03-07 09:13:15', '2019-03-09 19:11:16', 13,  1, 2,  3),
  (77,  '2019-06-20 03:21:12', '2019-06-26 04:33:35', 19,  3, 2,  8),
  (78,  '2019-08-06 11:41:20', '2019-08-08 13:53:51', 12,  3, 2, 25),
  (79,  '2019-03-21 10:35:59', '2019-03-22 11:16:03', 13,  1, 2, 21),
  (80,  '2019-01-29 23:17:53', NULL,                   9,  1, 1, 13),
  (81,  '2019-08-31 04:52:44', NULL,                  15,  2, 1, 36),
  (82,  '2019-06-23 22:36:34', '2019-06-25 22:19:54', 20,  3, 2, 43),
  (83,  '2019-01-04 01:58:59', NULL,                  15,  2, 1, 23),
  (84,  '2019-02-24 03:16:33', NULL,                   9,  1, 1, 20),
  (85,  '2019-11-14 04:33:03', '2019-11-15 03:39:20', 15,  2, 2, 33),
  (86,  '2019-05-06 04:41:48', NULL,                  11,  3, 1, 21),
  (87,  '2019-05-27 20:47:18', '2019-06-01 19:33:23', 13,  3, 2, 33),
  (88,  '2019-09-05 20:05:50', '2019-09-06 13:22:04', 14,  3, 2,  7),
  (89,  '2019-11-18 15:34:13', NULL,                  13,  3, 1,  4),
  (90,  '2019-04-28 13:35:32', '2019-05-04 10:53:43', 14, 99, 2,  2),
  (91,  '2019-09-15 11:21:14', '2019-09-19 18:02:35',  9,  3, 2, 32),
  (92,  '2019-07-04 05:27:34', '2019-07-04 22:56:12', 14,  3, 2, 40),
  (93,  '2019-05-16 05:13:29', '2019-05-16 20:20:21', 16,  2, 2, 28),
  (94,  '2019-10-16 10:11:45', '2019-10-20 19:57:44', 10, 99, 2, 13),
  (95,  '2019-03-08 05:19:07', '2019-03-14 22:49:58', 18,  2, 2, 25),
  (96,  '2019-06-06 09:53:52', '2019-06-07 08:19:59', 10, 99, 2,  4),
  (97,  '2019-05-15 05:46:19', '2019-05-19 18:12:28', 12, 99, 2, 20),
  (98,  '2019-08-17 16:08:05', '2019-08-19 17:21:09', 16,  3, 2,  9),
  (99,  '2019-09-11 05:08:37', NULL,                  16,  2, 1,  3),
  (100, '2019-07-22 23:14:26', '2019-07-24 04:14:16', 20, 99, 2, 20),
  (101, '2019-03-29 13:25:44', '2019-04-01 05:41:09',  8,  1, 2, 26),
  (102, '2019-02-08 20:51:48', '2019-02-13 06:02:07', 19,  2, 2, 33),
  (103, '2019-03-14 19:31:59', NULL,                  19, 99, 1, 29),
  (104, '2019-05-17 21:57:03', '2019-05-20 03:41:48', 10,  3, 2, 16),
  (105, '2019-03-09 16:43:20', '2019-03-14 05:13:48',  9,  3, 2, 38),
  (106, '2019-06-16 00:01:45', '2019-06-19 11:44:23', 16,  3, 2, 16),
  (107, '2019-11-15 19:49:58', '2019-11-18 16:17:22', 10,  2, 2, 27),
  (108, '2019-02-10 05:28:51', NULL,                  16,  2, 1, 43),
  (109, '2019-10-27 17:55:11', '2019-10-30 15:55:28', 12,  2, 2, 43),
  (110, '2019-07-28 10:30:29', NULL,                  11,  2, 1, 40),
  (111, '2019-09-06 12:19:13', NULL,                  11, 99, 1,  7),
  (112, '2019-06-22 00:36:59', '2019-06-25 00:11:25',  8,  1, 2, 19),
  (113, '2019-09-10 05:59:07', '2019-09-12 22:42:37', 20, 99, 2, 29),
  (114, '2019-06-19 16:50:52', '2019-06-22 18:05:42', 12,  3, 2, 40),
  (115, '2019-05-12 00:57:42', '2019-05-14 08:41:24', 13,  3, 2, 25),
  (116, '2019-03-26 07:53:20', '2019-03-28 12:36:42', 11,  1, 2, 43),
  (117, '2019-07-16 20:44:00', '2019-07-18 10:41:01', 18,  3, 2, 20),
  (118, '2019-11-14 12:56:51', '2019-11-15 18:01:43', 11,  3, 2, 16),
  (119, '2019-05-08 04:02:52', '2019-05-08 07:29:17', 12,  3, 2,  8),
  (120, '2019-01-06 23:38:16', NULL,                  15,  2, 1, 37);
ALTER SEQUENCE tickets_id_seq RESTART WITH 121;

INSERT INTO ticket_messages(id, user_id, ticket_id, send_date, message) VALUES
  (1,    4,  15, '2019-08-28 13:24:30', 'Illo nisi dolore optio quaerat eos eum, aliquam veritatis cum voluptate, tenetur et consectetur deleniti veniam beatae facilis harum doloremque dolorum similique obcaecati maiores ad libero! Dolores odio recusandae expedita!'                               ),
  (2,    9,  83, '2019-10-12 22:43:59', 'Ex quos voluptatibus ad ipsam fugiat dolor rerum vero dignissimos corporis magnam molestias totam accusantium praesentium repellendus illo corrupti iure sit facilis dolore, nam qui! Blanditiis delectus perspiciatis nesciunt corporis.'                      ),
  (3,    2,  35, '2019-03-27 22:49:02', 'Quaerat dignissimos, animi necessitatibus ab eligendi velit facilis officia nam voluptates laborum suscipit nisi assumenda debitis obcaecati quod repudiandae ex tenetur reiciendis magnam? Voluptas repellat quod, mollitia facere deserunt maxime.'           ),
  (4,   15,   3, '2019-03-05 07:10:50', 'Fugit tempora ad eius iste qui, esse repellat laborum recusandae aspernatur eligendi quia ab doloribus! Aliquid quos deleniti doloribus nam? Quibusdam porro, magni tempora non accusamus numquam nihil aperiam. Doloribus.'                                    ),
  (5,    3,  85, '2019-07-01 18:31:50', 'Ex quos voluptatibus ad ipsam fugiat dolor rerum vero dignissimos corporis magnam molestias totam accusantium praesentium repellendus illo corrupti iure sit facilis dolore, nam qui! Blanditiis delectus perspiciatis nesciunt corporis.'                      ),
  (6,   14,  73, '2019-11-04 11:05:05', 'Ex accusantium doloribus praesentium, dolorem ratione explicabo ea laudantium! At, tempora. Tempore modi perferendis eligendi cupiditate neque consectetur reiciendis unde iusto. Consequatur atque laborum quisquam repudiandae, fugit consectetur! Ea, error!'),
  (7,   20,  33, '2019-10-29 18:34:36', 'Eos deleniti et nam in ea cumque aspernatur distinctio alias iusto tenetur officiis illum molestias quibusdam beatae, numquam veniam maiores hic, repellat at accusamus quas voluptas delectus earum? Assumenda, cumque!'                                       ),
  (8,    3,  82, '2019-10-28 08:02:38', 'Sed eveniet quaerat aspernatur assumenda molestiae iste ipsam! Nihil necessitatibus consequatur illo aliquid hic, eius numquam tempora totam quo repellendus nulla maiores ipsam nemo odit dolores error vero reprehenderit modi?'                              ),
  (9,   14,  98, '2019-10-09 07:57:07', 'Sed eveniet quaerat aspernatur assumenda molestiae iste ipsam! Nihil necessitatibus consequatur illo aliquid hic, eius numquam tempora totam quo repellendus nulla maiores ipsam nemo odit dolores error vero reprehenderit modi?'                              ),
  (10,   3,   9, '2019-08-05 04:09:54', 'In, quod! Nihil dolorem porro, eos possimus beatae sed, vel, in mollitia ullam quod quidem voluptates corrupti consectetur sit asperiores accusantium amet nesciunt voluptatem ab aperiam eum inventore. Corporis, tenetur.'                                    ),
  (11,   3,  63, '2019-02-08 14:50:14', 'Et perferendis aliquam rerum ea voluptatem, magnam recusandae, a corporis commodi molestiae veritatis id consectetur facere earum omnis praesentium amet saepe mollitia, fugiat enim dolores rem illo. Rem, numquam aut.'                                       ),
  (12,  19,  56, '2019-08-11 13:31:52', 'Nobis iste sapiente doloribus voluptatem culpa rem suscipit assumenda, earum veniam labore corporis eaque sunt, aliquid totam ad aperiam adipisci minima. Officiis quidem iusto a tenetur, dolores dignissimos excepturi accusamus!'                            ),
  (13,  20,  18, '2019-09-04 15:55:46', 'Nobis iste sapiente doloribus voluptatem culpa rem suscipit assumenda, earum veniam labore corporis eaque sunt, aliquid totam ad aperiam adipisci minima. Officiis quidem iusto a tenetur, dolores dignissimos excepturi accusamus!'                            ),
  (14,  10,  24, '2019-04-09 15:43:44', 'Iste itaque nemo molestias eligendi aliquam adipisci facilis, porro in nobis accusamus voluptate eaque? Sint nam amet facere earum fuga quam, enim veritatis, pariatur et placeat iure sapiente commodi quidem?'                                                ),
  (15,   1, 100, '2019-04-22 16:15:40', 'Facere officia aspernatur unde doloremque doloribus temporibus omnis minima dolor consequuntur natus numquam eaque ex, cum magnam? Sint, minima quae officia recusandae eum veritatis neque blanditiis quam, quasi voluptatibus cum!'                           ),
  (16,  17,  74, '2019-09-25 01:53:52', 'Dolor tenetur ex qui! Debitis, labore dignissimos dolor laborum iste odio tempora nihil ducimus ipsam facilis, voluptas beatae, sed nostrum repudiandae quis saepe totam eveniet? Sint suscipit ipsum optio qui!'                                               ),
  (17,   5,  18, '2019-09-24 05:07:23', 'Facere mollitia, dolor neque doloribus at laudantium eaque! Dolor autem mollitia animi corporis eos placeat tenetur, iste laborum, voluptatem aliquid error consequatur culpa molestiae reiciendis neque voluptas molestias laudantium repellendus!'            ),
  (18,   4,  39, '2019-04-22 12:14:32', 'Natus ex veniam eos! Commodi asperiores voluptatem molestias, sit officiis hic, at iure ad earum reprehenderit tempora error voluptas. Totam incidunt voluptas harum possimus at facere tempora vel, reiciendis officiis.'                                      ),
  (19,  20,  81, '2019-01-30 05:00:55', 'Nobis iste sapiente doloribus voluptatem culpa rem suscipit assumenda, earum veniam labore corporis eaque sunt, aliquid totam ad aperiam adipisci minima. Officiis quidem iusto a tenetur, dolores dignissimos excepturi accusamus!'                            ),
  (20,   5,  74, '2019-07-10 03:44:44', 'In, quod! Nihil dolorem porro, eos possimus beatae sed, vel, in mollitia ullam quod quidem voluptates corrupti consectetur sit asperiores accusantium amet nesciunt voluptatem ab aperiam eum inventore. Corporis, tenetur.'                                    ),
  (21,   2, 101, '2019-03-17 04:22:49', 'Alias quia dolore cumque facere illum? Ea dolore esse placeat distinctio quibusdam adipisci suscipit fuga ipsa explicabo accusamus, sed quas ratione, qui doloremque illo, laborum ut. Consequatur officia natus aliquid.'                                      ),
  (22,  10,  31, '2019-01-26 21:41:34', 'Nobis iste sapiente doloribus voluptatem culpa rem suscipit assumenda, earum veniam labore corporis eaque sunt, aliquid totam ad aperiam adipisci minima. Officiis quidem iusto a tenetur, dolores dignissimos excepturi accusamus!'                            ),
  (23,  16,  78, '2019-09-19 11:23:26', 'Adipisci quidem, aut quos voluptas repellat a ducimus animi autem at et similique unde architecto nihil, neque voluptate voluptatum explicabo, odio nam repudiandae laborum corporis! Tempora et nam ducimus repellat?'                                         ),
  (24,  15,  55, '2019-06-05 11:29:12', 'Necessitatibus quos quibusdam esse, ex libero pariatur deleniti corporis sit eaque, velit quis, facere consectetur nobis porro. Tenetur est atque similique? Est, quidem vero distinctio velit quisquam cupiditate sapiente quam!'                              ),
  (25,  12,  27, '2019-01-28 18:55:57', 'Iste itaque nemo molestias eligendi aliquam adipisci facilis, porro in nobis accusamus voluptate eaque? Sint nam amet facere earum fuga quam, enim veritatis, pariatur et placeat iure sapiente commodi quidem?'                                                ),
  (26,   7, 116, '2019-04-24 05:47:48', 'Facilis nostrum impedit unde. Ad reiciendis sunt quas. Et cumque expedita magni, sint excepturi ea laborum maiores doloremque aspernatur, minus consectetur debitis architecto voluptates labore, inventore quam molestias eaque possimus?'                     ),
  (27,  16,  55, '2019-11-26 03:55:12', 'Cupiditate mollitia animi blanditiis, reiciendis temporibus illo quibusdam dolorem deserunt optio odio rerum impedit ipsa neque velit repellat aut perspiciatis eveniet accusantium necessitatibus. Ea ab vitae, a autem molestiae blanditiis.'                 ),
  (28,   3,  40, '2019-06-02 08:16:04', 'Et perferendis aliquam rerum ea voluptatem, magnam recusandae, a corporis commodi molestiae veritatis id consectetur facere earum omnis praesentium amet saepe mollitia, fugiat enim dolores rem illo. Rem, numquam aut.'                                       ),
  (29,   7, 116, '2019-02-28 19:16:04', 'Sunt, pariatur iusto! Accusantium veritatis at eos, velit adipisci illo in, natus quaerat nostrum itaque facilis laborum sint ipsa labore iure perspiciatis quo ea alias vitae, eveniet iste debitis! Maxime?'                                                  ),
  (30,  18,   5, '2019-04-09 02:51:02', 'Optio, error neque incidunt perferendis vero eos quam laudantium voluptatibus quaerat dignissimos in explicabo voluptas, ex fugiat mollitia ipsum ratione veritatis quasi animi est dolore quibusdam totam. Aut, qui aliquam.'                                  ),
  (31,  18,   5, '2019-06-23 19:57:37', 'Illo nisi dolore optio quaerat eos eum, aliquam veritatis cum voluptate, tenetur et consectetur deleniti veniam beatae facilis harum doloremque dolorum similique obcaecati maiores ad libero! Dolores odio recusandae expedita!'                               ),
  (32,  14,  37, '2019-09-06 16:38:01', 'Quisquam tempora nam suscipit deleniti obcaecati labore perferendis assumenda? Magnam voluptate atque consectetur dolore unde porro, voluptatem quod tempore cupiditate repellendus facere quis provident, deleniti natus placeat earum eum pariatur.'          ),
  (33,   6,  10, '2019-02-14 07:20:25', 'Possimus qui, hic sapiente quidem facere beatae tempora autem id nemo itaque? Saepe illum reiciendis ipsa architecto eaque nulla placeat deleniti inventore maiores praesentium accusamus, earum id eum quos dolores!'                                          ),
  (34,  11, 105, '2019-09-26 00:45:58', 'Possimus, porro. Qui voluptas suscipit doloribus voluptatem atque necessitatibus obcaecati in inventore asperiores! Nesciunt deleniti, itaque eligendi laboriosam fugiat quidem animi odit perferendis dignissimos quo sit ducimus est magni similique.'        ),
  (35,   9,  43, '2019-04-06 07:43:27', 'Quo dolorum facere dolor sint, minima at suscipit adipisci, tempore dolorem, non cumque omnis modi ab nam. Sit architecto modi quae sed quidem, nam necessitatibus ex eos qui at repellendus.'                                                                  ),
  (36,  17,  12, '2019-04-19 11:10:35', 'Fugiat impedit omnis unde sunt corrupti voluptatem quos delectus voluptate, mollitia libero aliquam a incidunt. Dolores debitis quam explicabo fugiat? Eius velit iure eos animi ipsa tenetur veniam similique eligendi.'                                       ),
  (37,  17,  42, '2019-06-14 11:58:16', 'Sed eveniet quaerat aspernatur assumenda molestiae iste ipsam! Nihil necessitatibus consequatur illo aliquid hic, eius numquam tempora totam quo repellendus nulla maiores ipsam nemo odit dolores error vero reprehenderit modi?'                              ),
  (38,  18, 111, '2019-03-05 02:18:35', 'Voluptate dolorem delectus fuga blanditiis? Ullam officiis cupiditate impedit voluptas magni ratione libero possimus. Explicabo corporis molestiae perspiciatis nobis blanditiis? Voluptatibus vero itaque quas? Iure error ea repellendus tenetur earum?'      ),
  (39,   8,  14, '2019-03-23 23:32:09', 'At molestiae, commodi ab esse aut atque non inventore omnis ullam nam tempora temporibus? Corrupti, sequi doloribus explicabo est cumque provident nostrum placeat quia, voluptate perspiciatis similique unde quaerat reiciendis?'                             ),
  (40,  17,  11, '2019-06-17 10:36:22', 'Similique iure, delectus laboriosam dignissimos quod est accusantium ad quas velit vero consequuntur nam ab, libero architecto adipisci magnam nostrum! Voluptate esse deleniti odio possimus omnis provident itaque culpa. Hic.'                               ),
  (41,  10,  78, '2019-07-17 03:20:55', 'Deserunt molestias, eum esse asperiores quia ea iusto quo? Ex alias, quas beatae fugit aliquid deserunt molestiae adipisci. Veniam cumque sit magni mollitia placeat et, cum consequatur animi totam fugiat!'                                                   ),
  (42,  19,  48, '2019-02-16 09:59:39', 'Aperiam ipsum, consectetur accusantium aspernatur dolorum, aliquid maxime unde molestias voluptas aut consequatur expedita dignissimos officia est a ipsam soluta reprehenderit at cum facere laudantium! Sapiente ipsum officiis laboriosam saepe.'            ),
  (43,   5,  69, '2019-04-05 06:06:11', 'Fugit tempora ad eius iste qui, esse repellat laborum recusandae aspernatur eligendi quia ab doloribus! Aliquid quos deleniti doloribus nam? Quibusdam porro, magni tempora non accusamus numquam nihil aperiam. Doloribus.'                                    ),
  (44,   7, 118, '2019-01-24 16:46:50', 'Tenetur, voluptate voluptatem, unde sint a iure blanditiis voluptas eos laborum beatae exercitationem repudiandae ullam dolorum tempore quo saepe aliquam! Ut et esse praesentium distinctio labore perferendis, explicabo quas provident.'                     ),
  (45,  12,   3, '2019-09-08 02:38:04', 'Facilis eius laboriosam voluptates voluptatibus temporibus maiores quam fugit iste pariatur quae. Accusantium, autem! Tempora harum nemo ab similique repudiandae excepturi, velit, exercitationem vel facere laboriosam quam temporibus modi itaque.'          ),
  (46,   4,  66, '2019-05-07 12:52:56', 'Harum eos eius aperiam sint commodi ipsa esse aspernatur tenetur, eveniet sed autem eligendi sit quia officiis culpa fugiat? Ut dolorem fuga dolore alias ea accusamus nulla culpa maiores blanditiis.'                                                         ),
  (47,  15,  36, '2019-01-23 13:09:18', 'Similique iure, delectus laboriosam dignissimos quod est accusantium ad quas velit vero consequuntur nam ab, libero architecto adipisci magnam nostrum! Voluptate esse deleniti odio possimus omnis provident itaque culpa. Hic.'                               ),
  (48,   8,  77, '2019-03-11 11:52:44', 'Similique quod est veniam dolores quos totam nulla quisquam, adipisci quibusdam sunt aperiam labore laborum id voluptas nostrum fugit magnam hic minima. Quae, cum vel? Ullam maiores cumque eligendi quod?'                                                    ),
  (49,   4, 102, '2019-08-14 13:07:14', 'Quod, sed facere! Aliquam dolorem accusantium obcaecati, eaque voluptatum, quae voluptas neque repellendus eius tempora maxime optio voluptatibus nam praesentium quibusdam mollitia necessitatibus, officia ad reprehenderit iste vitae maiores. Sequi.'       ),
  (50,   9,  47, '2019-02-14 00:48:54', 'Nam eaque ab suscipit rem consequatur tenetur maiores, impedit dolorem, officiis natus aliquid velit corrupti totam facilis nemo! Corporis debitis fugiat quod incidunt aliquid ipsam saepe, veniam sapiente quam dolores?'                                     ),
  (51,  15,  13, '2019-05-26 09:12:40', 'Rem, laborum adipisci eius earum ex necessitatibus maiores nostrum et, rerum dicta ut! Dolores libero cupiditate iure suscipit magnam. Illum doloribus possimus id eum nobis nesciunt dicta veritatis autem? Cupiditate!'                                       ),
  (52,  14,   4, '2019-11-06 16:48:26', 'Facere officia aspernatur unde doloremque doloribus temporibus omnis minima dolor consequuntur natus numquam eaque ex, cum magnam? Sint, minima quae officia recusandae eum veritatis neque blanditiis quam, quasi voluptatibus cum!'                           ),
  (53,   8, 103, '2019-03-11 08:30:34', 'At molestiae, commodi ab esse aut atque non inventore omnis ullam nam tempora temporibus? Corrupti, sequi doloribus explicabo est cumque provident nostrum placeat quia, voluptate perspiciatis similique unde quaerat reiciendis?'                             ),
  (54,  18,  72, '2019-07-14 13:51:48', 'Omnis optio accusantium laudantium ad! Facilis suscipit voluptatum assumenda saepe, nobis earum illo ab cupiditate exercitationem obcaecati, odit quae porro iste qui voluptate voluptates velit sed hic placeat quia maiores.'                                 ),
  (55,  15,   1, '2019-04-08 18:26:59', 'Ea perspiciatis distinctio aliquam neque odit molestiae aperiam eum similique repellendus voluptatibus, eius consequuntur assumenda in quaerat eveniet nemo, iusto necessitatibus, perferendis ipsa quisquam atque laudantium. Dolores optio dignissimos deleni'),
  (56,   8,  85, '2019-01-31 03:35:15', 'Itaque unde voluptates qui hic iste quasi, rem nobis ut fugiat in. Delectus ad, commodi quisquam cumque illum est maiores, nemo error quo rem praesentium molestiae eius harum quidem consequuntur!'                                                            ),
  (57,  16,  31, '2019-11-16 21:57:03', 'Quo dolorum facere dolor sint, minima at suscipit adipisci, tempore dolorem, non cumque omnis modi ab nam. Sit architecto modi quae sed quidem, nam necessitatibus ex eos qui at repellendus.'                                                                  ),
  (58,  18,   8, '2019-05-26 03:48:51', 'Perferendis, eaque reiciendis asperiores quas, sint sed ipsam quo quidem error temporibus, provident natus ratione recusandae dolores iste sequi ducimus libero! Optio magni dolor fugiat aliquid labore dolores commodi esse.'                                 ),
  (59,  14,  18, '2019-02-27 21:41:02', 'Sit commodi ipsa ab impedit voluptatem totam suscipit quibusdam reprehenderit maxime voluptas enim, fugiat non dolore obcaecati animi quo consequatur quisquam nemo dolorum id, in necessitatibus tenetur placeat unde! Officia!'                               ),
  (60,  20,  61, '2019-07-14 05:39:52', 'Totam cupiditate voluptatem voluptas impedit vitae sint tempore omnis! Iusto, quibusdam? Rem eligendi rerum dolores est aliquid nostrum in, accusantium, tempora odit consequatur atque assumenda aut ratione. Molestias, rem ipsum.'                           ),
  (61,  18,  59, '2019-09-11 03:55:45', 'Magnam officia assumenda provident, reprehenderit ea ipsum tenetur. Quis, asperiores. Laudantium illum ad tenetur, quis nobis unde qui est nisi perspiciatis ex minus sit natus obcaecati facere nemo, fugiat quos.'                                            ),
  (62,  14,   4, '2019-06-09 22:48:50', 'Fugit tempora ad eius iste qui, esse repellat laborum recusandae aspernatur eligendi quia ab doloribus! Aliquid quos deleniti doloribus nam? Quibusdam porro, magni tempora non accusamus numquam nihil aperiam. Doloribus.'                                    ),
  (63,   1, 110, '2019-07-29 09:32:36', 'Sit commodi ipsa ab impedit voluptatem totam suscipit quibusdam reprehenderit maxime voluptas enim, fugiat non dolore obcaecati animi quo consequatur quisquam nemo dolorum id, in necessitatibus tenetur placeat unde! Officia!'                               ),
  (64,   1,  43, '2019-09-18 10:42:29', 'Dicta voluptates, quos alias aperiam deleniti provident aspernatur temporibus corporis est minus assumenda dolore excepturi eos accusantium necessitatibus laudantium minima eius saepe accusamus ducimus molestias doloribus repellendus? Excepturi, rem eius.'),
  (65,  15,  41, '2019-04-21 05:03:48', 'At recusandae iure quibusdam atque dolorum porro temporibus ipsa quo excepturi veritatis rerum, facilis perspiciatis voluptatibus, fugit pariatur, dolore tempore beatae unde blanditiis natus odio. Et fuga molestias architecto officiis.'                    ),
  (66,   1,  57, '2019-11-20 01:19:01', 'Repellendus, reiciendis, numquam, suscipit a eum fugit voluptatibus laudantium earum optio voluptatem alias debitis doloremque doloribus. Ipsa delectus dolore quas, aliquid voluptatem consequuntur quisquam reprehenderit rem eos autem harum eveniet!'       ),
  (67,   5,  10, '2019-03-28 20:49:57', 'Ipsa asperiores totam incidunt id illum obcaecati aperiam non voluptas vero iusto. Dolores suscipit inventore corporis alias possimus fugiat similique neque aperiam quas earum unde sit, ullam nesciunt obcaecati. Molestiae.'                                 ),
  (68,  18, 120, '2019-03-14 03:31:42', 'Expedita repellendus tempora ab dolore animi cupiditate a libero, enim fuga aliquid sit unde quam quasi optio tempore, error quidem culpa voluptas. Quibusdam consequatur autem beatae recusandae quam corrupti fuga.'                                          ),
  (69,   4,  94, '2019-08-14 17:47:57', 'Sequi quos consequatur exercitationem, assumenda accusamus voluptatum corporis illo recusandae perspiciatis vel laboriosam hic tenetur sapiente mollitia accusantium saepe earum labore possimus rem ipsam non impedit! Ducimus, exercitationem! Repellat, opti'),
  (70,   2,  38, '2019-08-31 19:03:17', 'Quaerat dignissimos, animi necessitatibus ab eligendi velit facilis officia nam voluptates laborum suscipit nisi assumenda debitis obcaecati quod repudiandae ex tenetur reiciendis magnam? Voluptas repellat quod, mollitia facere deserunt maxime.'           ),
  (71,   6, 105, '2019-04-19 17:38:30', 'Ducimus soluta harum quos cupiditate consectetur esse, cum quia earum accusantium necessitatibus perferendis? Natus repellat repellendus a nihil voluptas consectetur possimus impedit, laborum mollitia aliquam nostrum cupiditate culpa fugit vero.'          ),
  (72,   1,  64, '2019-04-21 00:16:31', 'Molestias delectus, cupiditate dignissimos voluptates hic dolor voluptatum porro, voluptatem cumque ducimus atque placeat optio. Minima atque commodi, illo impedit itaque, magnam illum odio inventore expedita qui vitae eligendi optio!'                     ),
  (73,  20,  80, '2019-06-21 21:20:02', 'Eaque vero error, dolores dolorum deserunt mollitia qui consequuntur eveniet architecto excepturi cumque. Ipsum veniam ducimus obcaecati ut nam, sit eligendi dolor earum odio consequatur optio pariatur exercitationem sequi excepturi.'                      ),
  (74,  11,  20, '2019-09-12 05:32:59', 'Quo dolorum facere dolor sint, minima at suscipit adipisci, tempore dolorem, non cumque omnis modi ab nam. Sit architecto modi quae sed quidem, nam necessitatibus ex eos qui at repellendus.'                                                                  ),
  (75,  14,  55, '2019-05-30 04:45:51', 'Earum incidunt eum soluta natus deserunt voluptatem quisquam omnis minima, minus, exercitationem illo blanditiis molestias id, placeat perferendis necessitatibus quod magnam eos quaerat quibusdam veniam porro dolorum! Cupiditate, expedita reprehenderit.'  ),
  (76,   4,  16, '2019-11-21 09:14:16', 'Illum fugit expedita itaque facere animi possimus voluptate tempora labore deleniti magnam, quidem veritatis, voluptatem cupiditate accusamus assumenda voluptatum repudiandae officiis exercitationem optio? Nesciunt, asperiores. Eius, eveniet? Optio, repel'),
  (77,  12,  54, '2019-04-17 11:16:01', 'Magnam sed aspernatur sunt et cupiditate consectetur non soluta ut, reiciendis rem expedita amet fugiat. Iste ducimus, sed quasi, impedit veniam, explicabo ab vero similique eveniet quae placeat odio corporis!'                                              ),
  (78,  11,  24, '2019-06-07 04:21:16', 'Fugiat impedit omnis unde sunt corrupti voluptatem quos delectus voluptate, mollitia libero aliquam a incidunt. Dolores debitis quam explicabo fugiat? Eius velit iure eos animi ipsa tenetur veniam similique eligendi.'                                       ),
  (79,  19,  33, '2019-08-05 17:34:24', 'Perferendis, eaque reiciendis asperiores quas, sint sed ipsam quo quidem error temporibus, provident natus ratione recusandae dolores iste sequi ducimus libero! Optio magni dolor fugiat aliquid labore dolores commodi esse.'                                 ),
  (80,  15,  46, '2019-02-01 00:08:07', 'In, quod! Nihil dolorem porro, eos possimus beatae sed, vel, in mollitia ullam quod quidem voluptates corrupti consectetur sit asperiores accusantium amet nesciunt voluptatem ab aperiam eum inventore. Corporis, tenetur.'                                    ),
  (81,  19,  63, '2019-11-09 11:40:57', 'Iste officia ducimus blanditiis rerum maxime debitis nemo dolor quod mollitia libero quam, voluptatem qui neque, exercitationem, velit consequuntur nobis quis praesentium placeat? Maiores iusto sit ipsum earum eos nam?'                                     ),
  (82,   4,  89, '2019-07-16 01:02:31', 'Harum eos eius aperiam sint commodi ipsa esse aspernatur tenetur, eveniet sed autem eligendi sit quia officiis culpa fugiat? Ut dolorem fuga dolore alias ea accusamus nulla culpa maiores blanditiis.'                                                         ),
  (83,   3,  81, '2019-03-01 06:17:59', 'Aperiam ipsum, consectetur accusantium aspernatur dolorum, aliquid maxime unde molestias voluptas aut consequatur expedita dignissimos officia est a ipsam soluta reprehenderit at cum facere laudantium! Sapiente ipsum officiis laboriosam saepe.'            ),
  (84,  14,  53, '2019-02-02 15:38:54', 'Et perferendis aliquam rerum ea voluptatem, magnam recusandae, a corporis commodi molestiae veritatis id consectetur facere earum omnis praesentium amet saepe mollitia, fugiat enim dolores rem illo. Rem, numquam aut.'                                       ),
  (85,   4,  35, '2019-03-15 13:41:54', 'Quidem magni ratione, similique consequatur porro, totam, delectus illum ab natus molestias saepe eligendi distinctio voluptatem aspernatur fugiat molestiae error ad tenetur eum corporis explicabo cum officiis voluptas minus? Quae!'                        ),
  (86,   9,  40, '2019-06-06 01:52:40', 'Omnis incidunt laborum inventore vel magnam sed. Optio pariatur, ut delectus cumque dolore hic accusantium harum corporis beatae ratione voluptatem obcaecati maxime in dolorem laudantium commodi quis maiores nemo asperiores.'                               ),
  (87,  13,  76, '2019-06-20 11:17:51', 'Rerum vel officia architecto sit laudantium distinctio? Beatae earum, vero dolor voluptas voluptatem dolore quis pariatur excepturi numquam doloremque doloribus! Quia corrupti vitae, consequatur quos aliquam reprehenderit ducimus laudantium dignissimos.'  ),
  (88,   9, 104, '2019-02-25 05:18:10', 'Cupiditate mollitia animi blanditiis, reiciendis temporibus illo quibusdam dolorem deserunt optio odio rerum impedit ipsa neque velit repellat aut perspiciatis eveniet accusantium necessitatibus. Ea ab vitae, a autem molestiae blanditiis.'                 ),
  (89,   9,  42, '2019-11-26 10:03:12', 'Porro ab asperiores illum, consectetur facere in sint esse necessitatibus sunt deserunt animi rerum vitae doloremque eveniet veritatis optio architecto nam amet ea hic autem qui commodi! Voluptate, maiores a.'                                               ),
  (90,   3, 114, '2019-11-23 02:53:45', 'Distinctio excepturi cum non officiis eum rem debitis accusamus itaque corporis! Molestias vel sint perspiciatis possimus accusantium accusamus, dolorum beatae pariatur ratione, autem eligendi necessitatibus quisquam animi nostrum laudantium aliquam!'     ),
  (91,  10,  38, '2019-09-27 20:02:47', 'Et sint perferendis saepe magni sequi deserunt, dolorem in iusto vitae libero obcaecati enim facere accusantium quis quae doloremque voluptatum esse voluptates ut necessitatibus, aliquam, repellendus culpa id. Ad, quod.'                                    ),
  (92,  10,  25, '2019-11-07 18:21:40', 'In, quod! Nihil dolorem porro, eos possimus beatae sed, vel, in mollitia ullam quod quidem voluptates corrupti consectetur sit asperiores accusantium amet nesciunt voluptatem ab aperiam eum inventore. Corporis, tenetur.'                                    ),
  (93,   9,  12, '2019-05-30 04:20:35', 'Deleniti qui corrupti non fuga temporibus aliquid veniam totam provident ipsam? Accusantium, laboriosam voluptas adipisci error quidem nisi tempore incidunt obcaecati consequatur aut reiciendis aperiam quas. Laudantium voluptas quae voluptatibus!'         ),
  (94,   5,  91, '2019-01-23 08:07:15', 'Vitae impedit recusandae accusamus quae fuga. Possimus maiores obcaecati molestiae aut necessitatibus. Maxime beatae at neque aspernatur dignissimos sunt eum facilis, voluptatem quidem eos inventore nesciunt adipisci cupiditate eius quos?'                 ),
  (95,  20,  21, '2019-06-07 04:49:22', 'Illo nisi dolore optio quaerat eos eum, aliquam veritatis cum voluptate, tenetur et consectetur deleniti veniam beatae facilis harum doloremque dolorum similique obcaecati maiores ad libero! Dolores odio recusandae expedita!'                               ),
  (96,  18, 108, '2019-02-25 21:45:56', 'Repellendus, reiciendis, numquam, suscipit a eum fugit voluptatibus laudantium earum optio voluptatem alias debitis doloremque doloribus. Ipsa delectus dolore quas, aliquid voluptatem consequuntur quisquam reprehenderit rem eos autem harum eveniet!'       ),
  (97,   4,  99, '2019-07-23 04:48:33', 'Vitae impedit recusandae accusamus quae fuga. Possimus maiores obcaecati molestiae aut necessitatibus. Maxime beatae at neque aspernatur dignissimos sunt eum facilis, voluptatem quidem eos inventore nesciunt adipisci cupiditate eius quos?'                 ),
  (98,  13,  57, '2019-11-03 23:18:53', 'Similique id ipsam sint, aspernatur, harum explicabo provident aliquam fugiat dolorum libero fuga. Adipisci suscipit dolorem necessitatibus saepe ratione doloremque unde placeat minus consequuntur, sapiente ipsum fugit iure voluptate nostrum.'             ),
  (99,  11,  31, '2019-05-09 07:42:20', 'Itaque debitis et odit facere consequatur, tempore id, sapiente odio dicta dolore nisi commodi nihil. Qui, beatae veniam aperiam, maiores nostrum amet quis neque magni dolorem, nemo labore a soluta.'                                                         ),
  (100,  9,  96, '2019-07-25 01:23:14', 'Iste officia ducimus blanditiis rerum maxime debitis nemo dolor quod mollitia libero quam, voluptatem qui neque, exercitationem, velit consequuntur nobis quis praesentium placeat? Maiores iusto sit ipsum earum eos nam?'                                     ),
  (101,  2,  51, '2019-10-11 03:28:48', 'Quod modi fugit, ex quibusdam maxime velit voluptatem aliquid quia consequuntur esse exercitationem praesentium necessitatibus sapiente, voluptatum unde alias, quisquam dolores ut consequatur. Sunt, sequi quidem tempore qui molestias illum?'               ),
  (102,  7,  47, '2019-05-27 21:05:58', 'Eaque vero error, dolores dolorum deserunt mollitia qui consequuntur eveniet architecto excepturi cumque. Ipsum veniam ducimus obcaecati ut nam, sit eligendi dolor earum odio consequatur optio pariatur exercitationem sequi excepturi.'                      ),
  (103, 19,  53, '2019-08-03 06:10:00', 'Dolorem maxime, ducimus dolor a blanditiis eius possimus provident. Ad unde dolore, eos soluta sunt quis cumque pariatur dolorum itaque molestias temporibus? Ex corporis quis fugiat debitis ratione accusamus consequuntur?'                                  ),
  (104, 11, 120, '2019-01-23 04:39:51', 'Sunt, pariatur iusto! Accusantium veritatis at eos, velit adipisci illo in, natus quaerat nostrum itaque facilis laborum sint ipsa labore iure perspiciatis quo ea alias vitae, eveniet iste debitis! Maxime?'                                                  ),
  (105, 14,  18, '2019-01-23 21:34:14', 'Natus ex veniam eos! Commodi asperiores voluptatem molestias, sit officiis hic, at iure ad earum reprehenderit tempora error voluptas. Totam incidunt voluptas harum possimus at facere tempora vel, reiciendis officiis.'                                      ),
  (106, 12,  33, '2019-08-18 16:39:22', 'Sequi quos consequatur exercitationem, assumenda accusamus voluptatum corporis illo recusandae perspiciatis vel laboriosam hic tenetur sapiente mollitia accusantium saepe earum labore possimus rem ipsam non impedit! Ducimus, exercitationem! Repellat, opti'),
  (107, 11,  41, '2019-06-01 22:07:31', 'Quisquam tempora nam suscipit deleniti obcaecati labore perferendis assumenda? Magnam voluptate atque consectetur dolore unde porro, voluptatem quod tempore cupiditate repellendus facere quis provident, deleniti natus placeat earum eum pariatur.'          ),
  (108,  8,  57, '2019-01-04 13:23:12', 'Fugiat impedit omnis unde sunt corrupti voluptatem quos delectus voluptate, mollitia libero aliquam a incidunt. Dolores debitis quam explicabo fugiat? Eius velit iure eos animi ipsa tenetur veniam similique eligendi.'                                       ),
  (109,  5, 120, '2019-08-13 00:13:17', 'Et perferendis aliquam rerum ea voluptatem, magnam recusandae, a corporis commodi molestiae veritatis id consectetur facere earum omnis praesentium amet saepe mollitia, fugiat enim dolores rem illo. Rem, numquam aut.'                                       ),
  (110, 16,  59, '2019-02-21 16:20:59', 'Eaque vero error, dolores dolorum deserunt mollitia qui consequuntur eveniet architecto excepturi cumque. Ipsum veniam ducimus obcaecati ut nam, sit eligendi dolor earum odio consequatur optio pariatur exercitationem sequi excepturi.'                      ),
  (111, 17,  85, '2019-04-18 11:17:02', 'Earum incidunt eum soluta natus deserunt voluptatem quisquam omnis minima, minus, exercitationem illo blanditiis molestias id, placeat perferendis necessitatibus quod magnam eos quaerat quibusdam veniam porro dolorum! Cupiditate, expedita reprehenderit.'  ),
  (112, 19,  96, '2019-05-05 15:19:39', 'Repellendus, reiciendis, numquam, suscipit a eum fugit voluptatibus laudantium earum optio voluptatem alias debitis doloremque doloribus. Ipsa delectus dolore quas, aliquid voluptatem consequuntur quisquam reprehenderit rem eos autem harum eveniet!'       ),
  (113, 13,  14, '2019-06-19 02:47:16', 'Sunt, pariatur iusto! Accusantium veritatis at eos, velit adipisci illo in, natus quaerat nostrum itaque facilis laborum sint ipsa labore iure perspiciatis quo ea alias vitae, eveniet iste debitis! Maxime?'                                                  ),
  (114, 16,  99, '2019-01-18 01:00:59', 'Laborum ea a et sint officiis soluta aspernatur nesciunt architecto aliquam in ut ipsa impedit, sunt illum minus? Quas dolor incidunt obcaecati. Alias sapiente aperiam totam aliquid illum quidem exercitationem.'                                             ),
  (115,  7, 113, '2019-06-12 07:33:41', 'Sequi quos consequatur exercitationem, assumenda accusamus voluptatum corporis illo recusandae perspiciatis vel laboriosam hic tenetur sapiente mollitia accusantium saepe earum labore possimus rem ipsam non impedit! Ducimus, exercitationem! Repellat, opti'),
  (116,  5,  19, '2019-11-25 07:47:52', 'Et perferendis aliquam rerum ea voluptatem, magnam recusandae, a corporis commodi molestiae veritatis id consectetur facere earum omnis praesentium amet saepe mollitia, fugiat enim dolores rem illo. Rem, numquam aut.'                                       ),
  (117,  2,  78, '2019-08-26 14:37:48', 'Lorem ipsum dolor sit amet, consectetur adipisicing elit. Iusto doloremque error rerum veritatis, voluptates libero tenetur non, temporibus deleniti, pariatur et laudantium. Tempora assumenda doloribus id labore voluptatum repellendus iusto!'              ),
  (118, 17, 117, '2019-10-30 14:54:15', 'Rerum vel officia architecto sit laudantium distinctio? Beatae earum, vero dolor voluptas voluptatem dolore quis pariatur excepturi numquam doloremque doloribus! Quia corrupti vitae, consequatur quos aliquam reprehenderit ducimus laudantium dignissimos.'  ),
  (119,  8,  92, '2019-03-16 08:29:20', 'Quod modi fugit, ex quibusdam maxime velit voluptatem aliquid quia consequuntur esse exercitationem praesentium necessitatibus sapiente, voluptatum unde alias, quisquam dolores ut consequatur. Sunt, sequi quidem tempore qui molestias illum?'               ),
  (120, 20,  85, '2019-03-30 09:51:16', 'Similique iure, delectus laboriosam dignissimos quod est accusantium ad quas velit vero consequuntur nam ab, libero architecto adipisci magnam nostrum! Voluptate esse deleniti odio possimus omnis provident itaque culpa. Hic.'                               ),
  (121, 20,  96, '2019-11-14 18:57:03', 'Dicta voluptates, quos alias aperiam deleniti provident aspernatur temporibus corporis est minus assumenda dolore excepturi eos accusantium necessitatibus laudantium minima eius saepe accusamus ducimus molestias doloribus repellendus? Excepturi, rem eius.'),
  (122, 13,  69, '2019-08-12 17:02:34', 'Similique id ipsam sint, aspernatur, harum explicabo provident aliquam fugiat dolorum libero fuga. Adipisci suscipit dolorem necessitatibus saepe ratione doloremque unde placeat minus consequuntur, sapiente ipsum fugit iure voluptate nostrum.'             ),
  (123,  5,  96, '2019-07-19 16:57:45', 'Similique quod est veniam dolores quos totam nulla quisquam, adipisci quibusdam sunt aperiam labore laborum id voluptas nostrum fugit magnam hic minima. Quae, cum vel? Ullam maiores cumque eligendi quod?'                                                    ),
  (124,  4,  39, '2019-01-11 18:54:22', 'Et sint perferendis saepe magni sequi deserunt, dolorem in iusto vitae libero obcaecati enim facere accusantium quis quae doloremque voluptatum esse voluptates ut necessitatibus, aliquam, repellendus culpa id. Ad, quod.'                                    ),
  (125,  6,  32, '2019-06-11 10:17:46', 'Necessitatibus quos quibusdam esse, ex libero pariatur deleniti corporis sit eaque, velit quis, facere consectetur nobis porro. Tenetur est atque similique? Est, quidem vero distinctio velit quisquam cupiditate sapiente quam!'                              ),
  (126, 19,   7, '2019-03-17 10:33:02', 'Deserunt molestias, eum esse asperiores quia ea iusto quo? Ex alias, quas beatae fugit aliquid deserunt molestiae adipisci. Veniam cumque sit magni mollitia placeat et, cum consequatur animi totam fugiat!'                                                   ),
  (127, 20, 114, '2019-01-29 08:31:21', 'Magnam officia assumenda provident, reprehenderit ea ipsum tenetur. Quis, asperiores. Laudantium illum ad tenetur, quis nobis unde qui est nisi perspiciatis ex minus sit natus obcaecati facere nemo, fugiat quos.'                                            ),
  (128,  2,  13, '2019-03-23 16:09:28', 'Quod, sed facere! Aliquam dolorem accusantium obcaecati, eaque voluptatum, quae voluptas neque repellendus eius tempora maxime optio voluptatibus nam praesentium quibusdam mollitia necessitatibus, officia ad reprehenderit iste vitae maiores. Sequi.'       ),
  (129,  3,  46, '2019-09-25 16:24:53', 'Porro ab asperiores illum, consectetur facere in sint esse necessitatibus sunt deserunt animi rerum vitae doloremque eveniet veritatis optio architecto nam amet ea hic autem qui commodi! Voluptate, maiores a.'                                               ),
  (130, 14, 120, '2019-11-03 17:09:02', 'Laborum ea a et sint officiis soluta aspernatur nesciunt architecto aliquam in ut ipsa impedit, sunt illum minus? Quas dolor incidunt obcaecati. Alias sapiente aperiam totam aliquid illum quidem exercitationem.'                                             ),
  (131,  4,  35, '2019-08-07 10:29:14', 'Delectus asperiores sunt quas excepturi perferendis natus facilis esse quisquam, molestias laudantium sit accusamus, eaque odio animi, saepe ipsam cumque! Illo eveniet placeat culpa ex odit quae obcaecati nulla molestiae.'                                  ),
  (132,  8,  54, '2019-07-14 00:06:23', 'Perferendis, eaque reiciendis asperiores quas, sint sed ipsam quo quidem error temporibus, provident natus ratione recusandae dolores iste sequi ducimus libero! Optio magni dolor fugiat aliquid labore dolores commodi esse.'                                 ),
  (133, 13,  58, '2019-08-07 11:51:14', 'Quod, sed facere! Aliquam dolorem accusantium obcaecati, eaque voluptatum, quae voluptas neque repellendus eius tempora maxime optio voluptatibus nam praesentium quibusdam mollitia necessitatibus, officia ad reprehenderit iste vitae maiores. Sequi.'       ),
  (134,  9,  82, '2019-04-19 14:51:15', 'Fugit tempora ad eius iste qui, esse repellat laborum recusandae aspernatur eligendi quia ab doloribus! Aliquid quos deleniti doloribus nam? Quibusdam porro, magni tempora non accusamus numquam nihil aperiam. Doloribus.'                                    ),
  (135,  2, 100, '2019-09-04 00:21:07', 'Laborum ea a et sint officiis soluta aspernatur nesciunt architecto aliquam in ut ipsa impedit, sunt illum minus? Quas dolor incidunt obcaecati. Alias sapiente aperiam totam aliquid illum quidem exercitationem.'                                             ),
  (136, 19,  62, '2019-06-16 08:49:56', 'Repellendus, reiciendis, numquam, suscipit a eum fugit voluptatibus laudantium earum optio voluptatem alias debitis doloremque doloribus. Ipsa delectus dolore quas, aliquid voluptatem consequuntur quisquam reprehenderit rem eos autem harum eveniet!'       ),
  (137,  5,  34, '2019-10-13 11:24:19', 'Lorem ipsum dolor sit amet, consectetur adipisicing elit. Iusto doloremque error rerum veritatis, voluptates libero tenetur non, temporibus deleniti, pariatur et laudantium. Tempora assumenda doloribus id labore voluptatum repellendus iusto!'              ),
  (138,  5,  83, '2019-07-26 20:14:35', 'Fugiat impedit omnis unde sunt corrupti voluptatem quos delectus voluptate, mollitia libero aliquam a incidunt. Dolores debitis quam explicabo fugiat? Eius velit iure eos animi ipsa tenetur veniam similique eligendi.'                                       ),
  (139, 15,  21, '2019-09-08 20:02:04', 'Necessitatibus quos quibusdam esse, ex libero pariatur deleniti corporis sit eaque, velit quis, facere consectetur nobis porro. Tenetur est atque similique? Est, quidem vero distinctio velit quisquam cupiditate sapiente quam!'                              ),
  (140, 14,  66, '2019-03-13 08:52:15', 'Officiis reprehenderit deserunt autem sapiente culpa necessitatibus molestiae doloremque voluptate, nesciunt vitae suscipit, ratione dolorem? Itaque fugit odio obcaecati optio voluptatibus nostrum perspiciatis error similique corporis. Cum numquam ducimus'),
  (141, 12,  19, '2019-01-21 04:42:41', 'Expedita repellendus tempora ab dolore animi cupiditate a libero, enim fuga aliquid sit unde quam quasi optio tempore, error quidem culpa voluptas. Quibusdam consequatur autem beatae recusandae quam corrupti fuga.'                                          ),
  (142, 13,  38, '2019-08-08 10:59:42', 'Nam eaque ab suscipit rem consequatur tenetur maiores, impedit dolorem, officiis natus aliquid velit corrupti totam facilis nemo! Corporis debitis fugiat quod incidunt aliquid ipsam saepe, veniam sapiente quam dolores?'                                     ),
  (143,  4,  80, '2019-02-08 11:04:04', 'Deleniti qui corrupti non fuga temporibus aliquid veniam totam provident ipsam? Accusantium, laboriosam voluptas adipisci error quidem nisi tempore incidunt obcaecati consequatur aut reiciendis aperiam quas. Laudantium voluptas quae voluptatibus!'         ),
  (144,  9, 112, '2019-04-12 01:50:27', 'Officiis reprehenderit deserunt autem sapiente culpa necessitatibus molestiae doloremque voluptate, nesciunt vitae suscipit, ratione dolorem? Itaque fugit odio obcaecati optio voluptatibus nostrum perspiciatis error similique corporis. Cum numquam ducimus'),
  (145,  2,  95, '2019-02-15 04:34:50', 'Facere mollitia, dolor neque doloribus at laudantium eaque! Dolor autem mollitia animi corporis eos placeat tenetur, iste laborum, voluptatem aliquid error consequatur culpa molestiae reiciendis neque voluptas molestias laudantium repellendus!'            ),
  (146, 17,  44, '2019-06-11 13:26:19', 'Iste itaque nemo molestias eligendi aliquam adipisci facilis, porro in nobis accusamus voluptate eaque? Sint nam amet facere earum fuga quam, enim veritatis, pariatur et placeat iure sapiente commodi quidem?'                                                ),
  (147, 10,  16, '2019-07-21 00:54:51', 'Magnam officia assumenda provident, reprehenderit ea ipsum tenetur. Quis, asperiores. Laudantium illum ad tenetur, quis nobis unde qui est nisi perspiciatis ex minus sit natus obcaecati facere nemo, fugiat quos.'                                            ),
  (148, 19,  69, '2019-01-27 11:22:19', 'Harum eos eius aperiam sint commodi ipsa esse aspernatur tenetur, eveniet sed autem eligendi sit quia officiis culpa fugiat? Ut dolorem fuga dolore alias ea accusamus nulla culpa maiores blanditiis.'                                                         ),
  (149, 18,  59, '2019-11-17 03:11:53', 'Necessitatibus quos quibusdam esse, ex libero pariatur deleniti corporis sit eaque, velit quis, facere consectetur nobis porro. Tenetur est atque similique? Est, quidem vero distinctio velit quisquam cupiditate sapiente quam!'                              ),
  (150,  6,  75, '2019-09-06 19:01:56', 'Perspiciatis atque harum sunt quasi culpa modi suscipit ipsam laborum ipsa quaerat eius fugiat dolore, odio esse quia nulla consectetur ipsum eligendi sapiente vero. Dolorum ipsam natus sequi atque quia?'                                                    ),
  (151, 14,   3, '2019-06-21 03:48:21', 'Similique quod est veniam dolores quos totam nulla quisquam, adipisci quibusdam sunt aperiam labore laborum id voluptas nostrum fugit magnam hic minima. Quae, cum vel? Ullam maiores cumque eligendi quod?'                                                    ),
  (152,  7,  51, '2019-08-09 10:16:22', 'Vitae impedit recusandae accusamus quae fuga. Possimus maiores obcaecati molestiae aut necessitatibus. Maxime beatae at neque aspernatur dignissimos sunt eum facilis, voluptatem quidem eos inventore nesciunt adipisci cupiditate eius quos?'                 ),
  (153, 16,  64, '2019-06-02 18:48:22', 'Vero fugiat porro veritatis quibusdam repellendus exercitationem cumque delectus repudiandae incidunt nihil ad, quo unde commodi amet optio natus praesentium facere illo modi, dicta quos harum earum molestias pariatur. Necessitatibus.'                     ),
  (154, 13,  67, '2019-04-21 11:31:51', 'Magnam officia assumenda provident, reprehenderit ea ipsum tenetur. Quis, asperiores. Laudantium illum ad tenetur, quis nobis unde qui est nisi perspiciatis ex minus sit natus obcaecati facere nemo, fugiat quos.'                                            ),
  (155, 13, 115, '2019-05-12 11:27:27', 'Quaerat dignissimos, animi necessitatibus ab eligendi velit facilis officia nam voluptates laborum suscipit nisi assumenda debitis obcaecati quod repudiandae ex tenetur reiciendis magnam? Voluptas repellat quod, mollitia facere deserunt maxime.'           ),
  (156, 17,  64, '2019-05-17 05:57:09', 'Tenetur, voluptate voluptatem, unde sint a iure blanditiis voluptas eos laborum beatae exercitationem repudiandae ullam dolorum tempore quo saepe aliquam! Ut et esse praesentium distinctio labore perferendis, explicabo quas provident.'                     ),
  (157, 19,  54, '2019-01-12 17:17:16', 'Ex quos voluptatibus ad ipsam fugiat dolor rerum vero dignissimos corporis magnam molestias totam accusantium praesentium repellendus illo corrupti iure sit facilis dolore, nam qui! Blanditiis delectus perspiciatis nesciunt corporis.'                      ),
  (158, 16,   7, '2019-07-18 06:30:26', 'Culpa inventore ad, quam, optio ipsa provident blanditiis eius maxime porro illum ducimus! Omnis delectus neque accusantium saepe at quo doloribus! Cumque minima porro, a autem magni praesentium dolorem eius!'                                               ),
  (159,  8,  55, '2019-03-20 17:36:13', 'Harum eos eius aperiam sint commodi ipsa esse aspernatur tenetur, eveniet sed autem eligendi sit quia officiis culpa fugiat? Ut dolorem fuga dolore alias ea accusamus nulla culpa maiores blanditiis.'                                                         ),
  (160,  1, 101, '2019-04-15 12:15:40', 'Vero fugiat porro veritatis quibusdam repellendus exercitationem cumque delectus repudiandae incidunt nihil ad, quo unde commodi amet optio natus praesentium facere illo modi, dicta quos harum earum molestias pariatur. Necessitatibus.'                     ),
  (161, 17,  11, '2019-06-10 15:15:34', 'Sequi quos consequatur exercitationem, assumenda accusamus voluptatum corporis illo recusandae perspiciatis vel laboriosam hic tenetur sapiente mollitia accusantium saepe earum labore possimus rem ipsam non impedit! Ducimus, exercitationem! Repellat, opti'),
  (162, 11,  89, '2019-04-05 12:10:15', 'Facere officia aspernatur unde doloremque doloribus temporibus omnis minima dolor consequuntur natus numquam eaque ex, cum magnam? Sint, minima quae officia recusandae eum veritatis neque blanditiis quam, quasi voluptatibus cum!'                           ),
  (163,  4, 120, '2019-03-27 15:36:16', 'Quod, sed facere! Aliquam dolorem accusantium obcaecati, eaque voluptatum, quae voluptas neque repellendus eius tempora maxime optio voluptatibus nam praesentium quibusdam mollitia necessitatibus, officia ad reprehenderit iste vitae maiores. Sequi.'       ),
  (164, 16,   3, '2019-09-14 17:08:54', 'Delectus asperiores sunt quas excepturi perferendis natus facilis esse quisquam, molestias laudantium sit accusamus, eaque odio animi, saepe ipsam cumque! Illo eveniet placeat culpa ex odit quae obcaecati nulla molestiae.'                                  ),
  (165,  4,  45, '2019-02-18 06:54:03', 'Culpa inventore ad, quam, optio ipsa provident blanditiis eius maxime porro illum ducimus! Omnis delectus neque accusantium saepe at quo doloribus! Cumque minima porro, a autem magni praesentium dolorem eius!'                                               ),
  (166,  1,  83, '2019-02-15 12:32:06', 'Sunt, pariatur iusto! Accusantium veritatis at eos, velit adipisci illo in, natus quaerat nostrum itaque facilis laborum sint ipsa labore iure perspiciatis quo ea alias vitae, eveniet iste debitis! Maxime?'                                                  ),
  (167, 19,  18, '2019-01-27 18:18:26', 'Et perferendis aliquam rerum ea voluptatem, magnam recusandae, a corporis commodi molestiae veritatis id consectetur facere earum omnis praesentium amet saepe mollitia, fugiat enim dolores rem illo. Rem, numquam aut.'                                       ),
  (168,  8,  74, '2019-02-09 01:07:13', 'Nam eaque ab suscipit rem consequatur tenetur maiores, impedit dolorem, officiis natus aliquid velit corrupti totam facilis nemo! Corporis debitis fugiat quod incidunt aliquid ipsam saepe, veniam sapiente quam dolores?'                                     ),
  (169,  1,  81, '2019-04-22 06:12:34', 'Possimus qui, hic sapiente quidem facere beatae tempora autem id nemo itaque? Saepe illum reiciendis ipsa architecto eaque nulla placeat deleniti inventore maiores praesentium accusamus, earum id eum quos dolores!'                                          ),
  (170, 15,  15, '2019-02-16 13:55:48', 'Lorem ipsum dolor sit amet, consectetur adipisicing elit. Iusto doloremque error rerum veritatis, voluptates libero tenetur non, temporibus deleniti, pariatur et laudantium. Tempora assumenda doloribus id labore voluptatum repellendus iusto!'              ),
  (171, 20,  54, '2019-05-30 17:50:59', 'Et excepturi repudiandae, distinctio delectus velit totam facilis quis repellat pariatur a itaque quas eos quisquam necessitatibus, accusantium ducimus odit ad quidem, magnam magni dolor omnis! Dolores doloremque maxime accusantium?'                       ),
  (172,  2,  95, '2019-11-19 09:17:19', 'Itaque debitis et odit facere consequatur, tempore id, sapiente odio dicta dolore nisi commodi nihil. Qui, beatae veniam aperiam, maiores nostrum amet quis neque magni dolorem, nemo labore a soluta.'                                                         ),
  (173, 15,   7, '2019-11-26 07:35:50', 'Et sint perferendis saepe magni sequi deserunt, dolorem in iusto vitae libero obcaecati enim facere accusantium quis quae doloremque voluptatum esse voluptates ut necessitatibus, aliquam, repellendus culpa id. Ad, quod.'                                    ),
  (174, 13,  51, '2019-07-08 12:06:12', 'Itaque debitis et odit facere consequatur, tempore id, sapiente odio dicta dolore nisi commodi nihil. Qui, beatae veniam aperiam, maiores nostrum amet quis neque magni dolorem, nemo labore a soluta.'                                                         ),
  (175,  6, 102, '2019-06-08 22:04:39', 'Obcaecati iusto expedita porro voluptatum non vero, omnis accusamus, officia magnam laudantium qui reiciendis iure ex facilis sapiente temporibus, doloribus voluptate ipsam illo consectetur enim esse culpa error aperiam! Quo!'                              ),
  (176, 17, 114, '2019-05-29 12:47:00', 'Delectus asperiores sunt quas excepturi perferendis natus facilis esse quisquam, molestias laudantium sit accusamus, eaque odio animi, saepe ipsam cumque! Illo eveniet placeat culpa ex odit quae obcaecati nulla molestiae.'                                  ),
  (177,  4, 112, '2019-03-28 18:54:47', 'Dignissimos perspiciatis odio quos eveniet voluptate aliquam impedit fugiat adipisci, quod temporibus sed itaque sequi minima consequuntur sapiente rem ex hic et nisi illo earum incidunt iusto? Nulla, neque harum.'                                          ),
  (178,  1,  53, '2019-10-19 04:26:17', 'Quisquam tempora nam suscipit deleniti obcaecati labore perferendis assumenda? Magnam voluptate atque consectetur dolore unde porro, voluptatem quod tempore cupiditate repellendus facere quis provident, deleniti natus placeat earum eum pariatur.'          ),
  (179, 10, 110, '2019-09-04 14:20:01', 'Fugit tempora ad eius iste qui, esse repellat laborum recusandae aspernatur eligendi quia ab doloribus! Aliquid quos deleniti doloribus nam? Quibusdam porro, magni tempora non accusamus numquam nihil aperiam. Doloribus.'                                    ),
  (180,  5,  98, '2019-10-16 19:42:40', 'Sequi quos consequatur exercitationem, assumenda accusamus voluptatum corporis illo recusandae perspiciatis vel laboriosam hic tenetur sapiente mollitia accusantium saepe earum labore possimus rem ipsam non impedit! Ducimus, exercitationem! Repellat, opti'),
  (181, 19,  91, '2019-10-04 13:18:59', 'Natus ex veniam eos! Commodi asperiores voluptatem molestias, sit officiis hic, at iure ad earum reprehenderit tempora error voluptas. Totam incidunt voluptas harum possimus at facere tempora vel, reiciendis officiis.'                                      ),
  (182, 12,  79, '2019-03-21 00:10:29', 'Sunt, pariatur iusto! Accusantium veritatis at eos, velit adipisci illo in, natus quaerat nostrum itaque facilis laborum sint ipsa labore iure perspiciatis quo ea alias vitae, eveniet iste debitis! Maxime?'                                                  ),
  (183,  9, 112, '2019-08-05 15:22:42', 'Similique id ipsam sint, aspernatur, harum explicabo provident aliquam fugiat dolorum libero fuga. Adipisci suscipit dolorem necessitatibus saepe ratione doloremque unde placeat minus consequuntur, sapiente ipsum fugit iure voluptate nostrum.'             ),
  (184, 17,  88, '2019-01-16 12:37:36', 'Facilis eius laboriosam voluptates voluptatibus temporibus maiores quam fugit iste pariatur quae. Accusantium, autem! Tempora harum nemo ab similique repudiandae excepturi, velit, exercitationem vel facere laboriosam quam temporibus modi itaque.'          ),
  (185, 14,  26, '2019-04-11 18:39:33', 'Omnis optio accusantium laudantium ad! Facilis suscipit voluptatum assumenda saepe, nobis earum illo ab cupiditate exercitationem obcaecati, odit quae porro iste qui voluptate voluptates velit sed hic placeat quia maiores.'                                 ),
  (186, 10,  41, '2019-03-13 09:19:14', 'Molestias delectus, cupiditate dignissimos voluptates hic dolor voluptatum porro, voluptatem cumque ducimus atque placeat optio. Minima atque commodi, illo impedit itaque, magnam illum odio inventore expedita qui vitae eligendi optio!'                     ),
  (187, 15,  70, '2019-03-03 04:39:26', 'Ipsa asperiores totam incidunt id illum obcaecati aperiam non voluptas vero iusto. Dolores suscipit inventore corporis alias possimus fugiat similique neque aperiam quas earum unde sit, ullam nesciunt obcaecati. Molestiae.'                                 ),
  (188, 16, 100, '2019-04-18 07:39:55', 'Rem, laborum adipisci eius earum ex necessitatibus maiores nostrum et, rerum dicta ut! Dolores libero cupiditate iure suscipit magnam. Illum doloribus possimus id eum nobis nesciunt dicta veritatis autem? Cupiditate!'                                       ),
  (189, 10,  71, '2019-01-26 05:48:04', 'Et sint perferendis saepe magni sequi deserunt, dolorem in iusto vitae libero obcaecati enim facere accusantium quis quae doloremque voluptatum esse voluptates ut necessitatibus, aliquam, repellendus culpa id. Ad, quod.'                                    ),
  (190, 13,   9, '2019-09-05 12:35:17', 'Nam eaque ab suscipit rem consequatur tenetur maiores, impedit dolorem, officiis natus aliquid velit corrupti totam facilis nemo! Corporis debitis fugiat quod incidunt aliquid ipsam saepe, veniam sapiente quam dolores?'                                     ),
  (191,  2,   1, '2019-01-16 22:20:03', 'Ex quos voluptatibus ad ipsam fugiat dolor rerum vero dignissimos corporis magnam molestias totam accusantium praesentium repellendus illo corrupti iure sit facilis dolore, nam qui! Blanditiis delectus perspiciatis nesciunt corporis.'                      ),
  (192, 15,  16, '2019-08-09 00:22:09', 'Architecto minus natus eaque dolore ipsa explicabo provident error impedit ad ab molestias corrupti obcaecati ipsum incidunt itaque ipsam fuga rerum necessitatibus, voluptatum reiciendis voluptate sit suscipit expedita tempora. Repellendus.'               ),
  (193, 14,  31, '2019-07-06 17:33:23', 'Eaque vero error, dolores dolorum deserunt mollitia qui consequuntur eveniet architecto excepturi cumque. Ipsum veniam ducimus obcaecati ut nam, sit eligendi dolor earum odio consequatur optio pariatur exercitationem sequi excepturi.'                      ),
  (194, 17,  91, '2019-01-03 17:53:48', 'Reprehenderit aperiam porro asperiores eius excepturi iusto placeat quam exercitationem similique officia alias, ad magni nam ab incidunt saepe ipsam modi fugit iste velit! Sapiente facere blanditiis quos tempora exercitationem.'                           ),
  (195, 15,  22, '2019-09-19 15:47:06', 'Ex quos voluptatibus ad ipsam fugiat dolor rerum vero dignissimos corporis magnam molestias totam accusantium praesentium repellendus illo corrupti iure sit facilis dolore, nam qui! Blanditiis delectus perspiciatis nesciunt corporis.'                      ),
  (196, 16,  62, '2019-01-09 09:51:33', 'Tenetur, voluptate voluptatem, unde sint a iure blanditiis voluptas eos laborum beatae exercitationem repudiandae ullam dolorum tempore quo saepe aliquam! Ut et esse praesentium distinctio labore perferendis, explicabo quas provident.'                     ),
  (197, 13, 115, '2019-01-22 11:35:37', 'Omnis optio accusantium laudantium ad! Facilis suscipit voluptatum assumenda saepe, nobis earum illo ab cupiditate exercitationem obcaecati, odit quae porro iste qui voluptate voluptates velit sed hic placeat quia maiores.'                                 ),
  (198,  1,  96, '2019-07-19 08:13:50', 'Rem in, similique aliquam eum provident voluptatibus. Inventore assumenda, culpa, libero provident quibusdam sunt odio fugiat vitae dicta consequatur eum neque, deserunt ipsa. Dolor temporibus ab deleniti, accusamus cupiditate sequi.'                      ),
  (199,  9,   1, '2019-06-23 14:36:47', 'Ipsa, ad porro, corrupti fugiat quod aspernatur minus sunt veniam at possimus fuga pariatur iusto consequatur maiores cum aut perferendis cumque repudiandae obcaecati repellat ducimus repellendus est! Earum, eligendi accusamus!'                            ),
  (200, 16,  55, '2019-02-07 21:48:16', 'Vitae impedit recusandae accusamus quae fuga. Possimus maiores obcaecati molestiae aut necessitatibus. Maxime beatae at neque aspernatur dignissimos sunt eum facilis, voluptatem quidem eos inventore nesciunt adipisci cupiditate eius quos?'                 ),
  (201,  6, 114, '2019-11-02 06:19:32', 'Itaque debitis et odit facere consequatur, tempore id, sapiente odio dicta dolore nisi commodi nihil. Qui, beatae veniam aperiam, maiores nostrum amet quis neque magni dolorem, nemo labore a soluta.'                                                         ),
  (202, 19,  34, '2019-01-02 04:42:09', 'Facilis nostrum impedit unde. Ad reiciendis sunt quas. Et cumque expedita magni, sint excepturi ea laborum maiores doloremque aspernatur, minus consectetur debitis architecto voluptates labore, inventore quam molestias eaque possimus?'                     ),
  (203,  7,  22, '2019-07-21 09:45:00', 'Perspiciatis atque harum sunt quasi culpa modi suscipit ipsam laborum ipsa quaerat eius fugiat dolore, odio esse quia nulla consectetur ipsum eligendi sapiente vero. Dolorum ipsam natus sequi atque quia?'                                                    ),
  (204, 16, 120, '2019-03-17 04:11:21', 'Illum fugit expedita itaque facere animi possimus voluptate tempora labore deleniti magnam, quidem veritatis, voluptatem cupiditate accusamus assumenda voluptatum repudiandae officiis exercitationem optio? Nesciunt, asperiores. Eius, eveniet? Optio, repel'),
  (205, 18,  33, '2019-03-13 11:00:11', 'Reprehenderit aperiam porro asperiores eius excepturi iusto placeat quam exercitationem similique officia alias, ad magni nam ab incidunt saepe ipsam modi fugit iste velit! Sapiente facere blanditiis quos tempora exercitationem.'                           ),
  (206, 13,  79, '2019-08-15 06:58:40', 'Ea perspiciatis distinctio aliquam neque odit molestiae aperiam eum similique repellendus voluptatibus, eius consequuntur assumenda in quaerat eveniet nemo, iusto necessitatibus, perferendis ipsa quisquam atque laudantium. Dolores optio dignissimos deleni'),
  (207, 13,  48, '2019-10-31 23:05:38', 'Adipisci quidem, aut quos voluptas repellat a ducimus animi autem at et similique unde architecto nihil, neque voluptate voluptatum explicabo, odio nam repudiandae laborum corporis! Tempora et nam ducimus repellat?'                                         ),
  (208,  3,  63, '2019-08-06 06:12:13', 'Porro ab asperiores illum, consectetur facere in sint esse necessitatibus sunt deserunt animi rerum vitae doloremque eveniet veritatis optio architecto nam amet ea hic autem qui commodi! Voluptate, maiores a.'                                               ),
  (209, 19,  27, '2019-10-24 18:33:38', 'Et excepturi repudiandae, distinctio delectus velit totam facilis quis repellat pariatur a itaque quas eos quisquam necessitatibus, accusantium ducimus odit ad quidem, magnam magni dolor omnis! Dolores doloremque maxime accusantium?'                       ),
  (210, 15,  57, '2019-06-21 07:19:12', 'Dolorem maxime, ducimus dolor a blanditiis eius possimus provident. Ad unde dolore, eos soluta sunt quis cumque pariatur dolorum itaque molestias temporibus? Ex corporis quis fugiat debitis ratione accusamus consequuntur?'                                  ),
  (211, 18,  99, '2019-07-26 11:03:38', 'Omnis optio accusantium laudantium ad! Facilis suscipit voluptatum assumenda saepe, nobis earum illo ab cupiditate exercitationem obcaecati, odit quae porro iste qui voluptate voluptates velit sed hic placeat quia maiores.'                                 ),
  (212, 10,  20, '2019-08-03 02:55:24', 'Tenetur, voluptate voluptatem, unde sint a iure blanditiis voluptas eos laborum beatae exercitationem repudiandae ullam dolorum tempore quo saepe aliquam! Ut et esse praesentium distinctio labore perferendis, explicabo quas provident.'                     ),
  (213,  2,  53, '2019-04-19 20:44:29', 'Totam cupiditate voluptatem voluptas impedit vitae sint tempore omnis! Iusto, quibusdam? Rem eligendi rerum dolores est aliquid nostrum in, accusantium, tempora odit consequatur atque assumenda aut ratione. Molestias, rem ipsum.'                           ),
  (214,  1,  96, '2019-02-08 13:28:08', 'Laborum ea a et sint officiis soluta aspernatur nesciunt architecto aliquam in ut ipsa impedit, sunt illum minus? Quas dolor incidunt obcaecati. Alias sapiente aperiam totam aliquid illum quidem exercitationem.'                                             ),
  (215, 10,  98, '2019-03-08 11:16:32', 'Earum incidunt eum soluta natus deserunt voluptatem quisquam omnis minima, minus, exercitationem illo blanditiis molestias id, placeat perferendis necessitatibus quod magnam eos quaerat quibusdam veniam porro dolorum! Cupiditate, expedita reprehenderit.'  ),
  (216, 16,  87, '2019-03-01 03:12:38', 'Sit commodi ipsa ab impedit voluptatem totam suscipit quibusdam reprehenderit maxime voluptas enim, fugiat non dolore obcaecati animi quo consequatur quisquam nemo dolorum id, in necessitatibus tenetur placeat unde! Officia!'                               ),
  (217,  4,  34, '2019-09-24 23:24:47', 'Distinctio excepturi cum non officiis eum rem debitis accusamus itaque corporis! Molestias vel sint perspiciatis possimus accusantium accusamus, dolorum beatae pariatur ratione, autem eligendi necessitatibus quisquam animi nostrum laudantium aliquam!'     ),
  (218,  2,  84, '2019-09-18 12:58:21', 'Perspiciatis atque harum sunt quasi culpa modi suscipit ipsam laborum ipsa quaerat eius fugiat dolore, odio esse quia nulla consectetur ipsum eligendi sapiente vero. Dolorum ipsam natus sequi atque quia?'                                                    ),
  (219, 10,  11, '2019-02-24 03:40:26', 'Molestias delectus, cupiditate dignissimos voluptates hic dolor voluptatum porro, voluptatem cumque ducimus atque placeat optio. Minima atque commodi, illo impedit itaque, magnam illum odio inventore expedita qui vitae eligendi optio!'                     ),
  (220,  3,  20, '2019-05-23 23:40:00', 'Optio, error neque incidunt perferendis vero eos quam laudantium voluptatibus quaerat dignissimos in explicabo voluptas, ex fugiat mollitia ipsum ratione veritatis quasi animi est dolore quibusdam totam. Aut, qui aliquam.'                                  ),
  (221,  4,   5, '2019-07-20 12:05:22', 'Totam cupiditate voluptatem voluptas impedit vitae sint tempore omnis! Iusto, quibusdam? Rem eligendi rerum dolores est aliquid nostrum in, accusantium, tempora odit consequatur atque assumenda aut ratione. Molestias, rem ipsum.'                           ),
  (222, 17,  80, '2019-10-29 09:19:52', 'Ipsa, ad porro, corrupti fugiat quod aspernatur minus sunt veniam at possimus fuga pariatur iusto consequatur maiores cum aut perferendis cumque repudiandae obcaecati repellat ducimus repellendus est! Earum, eligendi accusamus!'                            ),
  (223, 15,  98, '2019-07-09 15:02:54', 'Architecto minus natus eaque dolore ipsa explicabo provident error impedit ad ab molestias corrupti obcaecati ipsum incidunt itaque ipsam fuga rerum necessitatibus, voluptatum reiciendis voluptate sit suscipit expedita tempora. Repellendus.'               ),
  (224,  6, 110, '2019-08-02 15:17:31', 'Vitae impedit recusandae accusamus quae fuga. Possimus maiores obcaecati molestiae aut necessitatibus. Maxime beatae at neque aspernatur dignissimos sunt eum facilis, voluptatem quidem eos inventore nesciunt adipisci cupiditate eius quos?'                 ),
  (225, 10,  93, '2019-01-14 15:16:38', 'Quia, eveniet reiciendis illum nobis laborum eaque aut, beatae sunt cum asperiores libero odio? Perferendis debitis, unde officiis ab natus autem, non molestiae labore, fugit quis quae. Necessitatibus, accusamus deleniti.'                                  ),
  (226, 11,  86, '2019-02-12 03:45:52', 'Cupiditate mollitia animi blanditiis, reiciendis temporibus illo quibusdam dolorem deserunt optio odio rerum impedit ipsa neque velit repellat aut perspiciatis eveniet accusantium necessitatibus. Ea ab vitae, a autem molestiae blanditiis.'                 ),
  (227,  7,  47, '2019-08-30 21:24:03', 'Similique quod est veniam dolores quos totam nulla quisquam, adipisci quibusdam sunt aperiam labore laborum id voluptas nostrum fugit magnam hic minima. Quae, cum vel? Ullam maiores cumque eligendi quod?'                                                    ),
  (228,  4,  85, '2019-02-07 17:37:13', 'Porro ab asperiores illum, consectetur facere in sint esse necessitatibus sunt deserunt animi rerum vitae doloremque eveniet veritatis optio architecto nam amet ea hic autem qui commodi! Voluptate, maiores a.'                                               ),
  (229, 20,  51, '2019-08-16 15:17:43', 'Quo dolorum facere dolor sint, minima at suscipit adipisci, tempore dolorem, non cumque omnis modi ab nam. Sit architecto modi quae sed quidem, nam necessitatibus ex eos qui at repellendus.'                                                                  ),
  (230, 20,   4, '2019-05-09 08:48:20', 'Deserunt molestias, eum esse asperiores quia ea iusto quo? Ex alias, quas beatae fugit aliquid deserunt molestiae adipisci. Veniam cumque sit magni mollitia placeat et, cum consequatur animi totam fugiat!'                                                   ),
  (231, 14, 109, '2019-10-05 11:50:26', 'Omnis incidunt laborum inventore vel magnam sed. Optio pariatur, ut delectus cumque dolore hic accusantium harum corporis beatae ratione voluptatem obcaecati maxime in dolorem laudantium commodi quis maiores nemo asperiores.'                               ),
  (232, 12,  40, '2019-08-09 16:47:41', 'Culpa inventore ad, quam, optio ipsa provident blanditiis eius maxime porro illum ducimus! Omnis delectus neque accusantium saepe at quo doloribus! Cumque minima porro, a autem magni praesentium dolorem eius!'                                               ),
  (233,  7,  39, '2019-11-15 00:11:57', 'Ullam facere vel ipsa ratione iure magni unde quaerat minus aliquid voluptate! Harum, saepe quos dolor culpa a ea labore quidem nam distinctio atque placeat veritatis architecto porro soluta cum!'                                                            ),
  (234, 18,   6, '2019-10-31 01:30:12', 'Nobis iste sapiente doloribus voluptatem culpa rem suscipit assumenda, earum veniam labore corporis eaque sunt, aliquid totam ad aperiam adipisci minima. Officiis quidem iusto a tenetur, dolores dignissimos excepturi accusamus!'                            ),
  (235, 16,  12, '2019-04-14 15:41:58', 'Eos deleniti et nam in ea cumque aspernatur distinctio alias iusto tenetur officiis illum molestias quibusdam beatae, numquam veniam maiores hic, repellat at accusamus quas voluptas delectus earum? Assumenda, cumque!'                                       ),
  (236, 20,  39, '2019-08-09 14:01:04', 'Sequi quos consequatur exercitationem, assumenda accusamus voluptatum corporis illo recusandae perspiciatis vel laboriosam hic tenetur sapiente mollitia accusantium saepe earum labore possimus rem ipsam non impedit! Ducimus, exercitationem! Repellat, opti'),
  (237, 17,  74, '2019-03-07 17:10:47', 'Quo dolorum facere dolor sint, minima at suscipit adipisci, tempore dolorem, non cumque omnis modi ab nam. Sit architecto modi quae sed quidem, nam necessitatibus ex eos qui at repellendus.'                                                                  ),
  (238, 18,  48, '2019-08-15 18:30:23', 'Nobis iste sapiente doloribus voluptatem culpa rem suscipit assumenda, earum veniam labore corporis eaque sunt, aliquid totam ad aperiam adipisci minima. Officiis quidem iusto a tenetur, dolores dignissimos excepturi accusamus!'                            ),
  (239, 19,   9, '2019-01-21 22:18:35', 'Distinctio excepturi cum non officiis eum rem debitis accusamus itaque corporis! Molestias vel sint perspiciatis possimus accusantium accusamus, dolorum beatae pariatur ratione, autem eligendi necessitatibus quisquam animi nostrum laudantium aliquam!'     ),
  (240, 18,  17, '2019-10-10 06:51:36', 'Delectus asperiores sunt quas excepturi perferendis natus facilis esse quisquam, molestias laudantium sit accusamus, eaque odio animi, saepe ipsam cumque! Illo eveniet placeat culpa ex odit quae obcaecati nulla molestiae.'                                  ),
  (241, 17,  45, '2019-04-02 12:18:01', 'Expedita repellendus tempora ab dolore animi cupiditate a libero, enim fuga aliquid sit unde quam quasi optio tempore, error quidem culpa voluptas. Quibusdam consequatur autem beatae recusandae quam corrupti fuga.'                                          ),
  (242,  2, 101, '2019-11-06 17:21:01', 'Necessitatibus quos quibusdam esse, ex libero pariatur deleniti corporis sit eaque, velit quis, facere consectetur nobis porro. Tenetur est atque similique? Est, quidem vero distinctio velit quisquam cupiditate sapiente quam!'                              ),
  (243, 14, 110, '2019-04-02 06:58:46', 'Quod, sed facere! Aliquam dolorem accusantium obcaecati, eaque voluptatum, quae voluptas neque repellendus eius tempora maxime optio voluptatibus nam praesentium quibusdam mollitia necessitatibus, officia ad reprehenderit iste vitae maiores. Sequi.'       ),
  (244, 17,  37, '2019-08-06 08:12:03', 'Omnis incidunt laborum inventore vel magnam sed. Optio pariatur, ut delectus cumque dolore hic accusantium harum corporis beatae ratione voluptatem obcaecati maxime in dolorem laudantium commodi quis maiores nemo asperiores.'                               ),
  (245, 16,  65, '2019-01-31 07:57:34', 'Sunt fuga minima vero excepturi magni praesentium maxime nemo ipsum, repellendus ea velit eius quam, deleniti, dicta fugiat quasi? Quibusdam sunt at nesciunt minima mollitia qui quia quisquam iusto cupiditate.'                                              ),
  (246, 10,  88, '2019-08-13 05:49:42', 'Culpa inventore ad, quam, optio ipsa provident blanditiis eius maxime porro illum ducimus! Omnis delectus neque accusantium saepe at quo doloribus! Cumque minima porro, a autem magni praesentium dolorem eius!'                                               ),
  (247,  1,  83, '2019-11-07 05:52:46', 'Dicta voluptates, quos alias aperiam deleniti provident aspernatur temporibus corporis est minus assumenda dolore excepturi eos accusantium necessitatibus laudantium minima eius saepe accusamus ducimus molestias doloribus repellendus? Excepturi, rem eius.'),
  (248,  7,  11, '2019-06-28 15:39:07', 'Itaque debitis et odit facere consequatur, tempore id, sapiente odio dicta dolore nisi commodi nihil. Qui, beatae veniam aperiam, maiores nostrum amet quis neque magni dolorem, nemo labore a soluta.'                                                         ),
  (249,  4,  63, '2019-07-16 04:10:06', 'Libero voluptatem saepe tenetur facilis officia itaque eligendi quibusdam sequi illo dolorum tempore vel, sapiente incidunt! Placeat ipsam pariatur eaque, eius sunt sit quibusdam quaerat consequuntur, facere delectus blanditiis ducimus.'                   ),
  (250, 14,   9, '2019-05-21 14:13:36', 'Culpa inventore ad, quam, optio ipsa provident blanditiis eius maxime porro illum ducimus! Omnis delectus neque accusantium saepe at quo doloribus! Cumque minima porro, a autem magni praesentium dolorem eius!'                                               ),
  (251, 18, 106, '2019-03-27 03:01:26', 'Nulla soluta voluptatem sequi expedita, ullam placeat corrupti beatae odio. Harum, maiores veniam magnam perspiciatis saepe vel, doloribus rerum quibusdam sapiente voluptatem deleniti ullam quaerat corrupti amet sint, autem aut.'                           ),
  (252, 12,  70, '2019-01-22 00:06:05', 'Culpa inventore ad, quam, optio ipsa provident blanditiis eius maxime porro illum ducimus! Omnis delectus neque accusantium saepe at quo doloribus! Cumque minima porro, a autem magni praesentium dolorem eius!'                                               ),
  (253,  5,  32, '2019-04-05 20:28:23', 'Ipsa, ad porro, corrupti fugiat quod aspernatur minus sunt veniam at possimus fuga pariatur iusto consequatur maiores cum aut perferendis cumque repudiandae obcaecati repellat ducimus repellendus est! Earum, eligendi accusamus!'                            ),
  (254, 20,  13, '2019-05-28 10:56:49', 'Ipsa asperiores totam incidunt id illum obcaecati aperiam non voluptas vero iusto. Dolores suscipit inventore corporis alias possimus fugiat similique neque aperiam quas earum unde sit, ullam nesciunt obcaecati. Molestiae.'                                 ),
  (255, 14,   8, '2019-11-01 20:15:59', 'Et perferendis aliquam rerum ea voluptatem, magnam recusandae, a corporis commodi molestiae veritatis id consectetur facere earum omnis praesentium amet saepe mollitia, fugiat enim dolores rem illo. Rem, numquam aut.'                                       ),
  (256, 16,  92, '2019-10-10 19:04:47', 'At molestiae, commodi ab esse aut atque non inventore omnis ullam nam tempora temporibus? Corrupti, sequi doloribus explicabo est cumque provident nostrum placeat quia, voluptate perspiciatis similique unde quaerat reiciendis?'                             ),
  (257, 11,  79, '2019-02-23 00:37:30', 'Facere officia aspernatur unde doloremque doloribus temporibus omnis minima dolor consequuntur natus numquam eaque ex, cum magnam? Sint, minima quae officia recusandae eum veritatis neque blanditiis quam, quasi voluptatibus cum!'                           ),
  (258, 15,   6, '2019-11-23 11:14:21', 'Deleniti qui corrupti non fuga temporibus aliquid veniam totam provident ipsam? Accusantium, laboriosam voluptas adipisci error quidem nisi tempore incidunt obcaecati consequatur aut reiciendis aperiam quas. Laudantium voluptas quae voluptatibus!'         ),
  (259, 18,   3, '2019-07-10 01:30:55', 'Sed eveniet quaerat aspernatur assumenda molestiae iste ipsam! Nihil necessitatibus consequatur illo aliquid hic, eius numquam tempora totam quo repellendus nulla maiores ipsam nemo odit dolores error vero reprehenderit modi?'                              ),
  (260, 10,  54, '2019-01-07 16:09:36', 'Dignissimos, sint error consequuntur soluta fugiat sequi illum dolor sed, exercitationem est maxime aspernatur ea adipisci ullam. Iste eos, ad eligendi quos odio nulla, tenetur neque placeat voluptates repellat qui.'                                        ),
  (261, 19,  74, '2019-03-24 09:56:01', 'Et perferendis aliquam rerum ea voluptatem, magnam recusandae, a corporis commodi molestiae veritatis id consectetur facere earum omnis praesentium amet saepe mollitia, fugiat enim dolores rem illo. Rem, numquam aut.'                                       ),
  (262, 10,  64, '2019-07-01 02:25:44', 'Assumenda odit nam molestiae dolorum. Aliquid veniam mollitia voluptates quaerat. Eaque, repellendus voluptatem. Nihil temporibus perferendis unde voluptatibus praesentium exercitationem ea quae! Tempore incidunt et provident culpa quam fuga at?'          ),
  (263,  9,  52, '2019-03-23 19:00:55', 'Quidem magni ratione, similique consequatur porro, totam, delectus illum ab natus molestias saepe eligendi distinctio voluptatem aspernatur fugiat molestiae error ad tenetur eum corporis explicabo cum officiis voluptas minus? Quae!'                        ),
  (264, 17,   8, '2019-02-09 10:06:09', 'Eos deleniti et nam in ea cumque aspernatur distinctio alias iusto tenetur officiis illum molestias quibusdam beatae, numquam veniam maiores hic, repellat at accusamus quas voluptas delectus earum? Assumenda, cumque!'                                       ),
  (265, 18,   7, '2019-05-07 18:07:29', 'Sed eveniet quaerat aspernatur assumenda molestiae iste ipsam! Nihil necessitatibus consequatur illo aliquid hic, eius numquam tempora totam quo repellendus nulla maiores ipsam nemo odit dolores error vero reprehenderit modi?'                              ),
  (266, 16, 107, '2019-02-14 12:07:11', 'Et sint perferendis saepe magni sequi deserunt, dolorem in iusto vitae libero obcaecati enim facere accusantium quis quae doloremque voluptatum esse voluptates ut necessitatibus, aliquam, repellendus culpa id. Ad, quod.'                                    ),
  (267, 13,  67, '2019-03-02 16:06:06', 'Perspiciatis atque harum sunt quasi culpa modi suscipit ipsam laborum ipsa quaerat eius fugiat dolore, odio esse quia nulla consectetur ipsum eligendi sapiente vero. Dolorum ipsam natus sequi atque quia?'                                                    ),
  (268,  6,  62, '2019-04-05 17:14:17', 'Iste itaque nemo molestias eligendi aliquam adipisci facilis, porro in nobis accusamus voluptate eaque? Sint nam amet facere earum fuga quam, enim veritatis, pariatur et placeat iure sapiente commodi quidem?'                                                ),
  (269,  7,  98, '2019-01-27 14:23:40', 'Vitae impedit recusandae accusamus quae fuga. Possimus maiores obcaecati molestiae aut necessitatibus. Maxime beatae at neque aspernatur dignissimos sunt eum facilis, voluptatem quidem eos inventore nesciunt adipisci cupiditate eius quos?'                 ),
  (270,  7, 106, '2019-02-05 06:00:09', 'Eos deleniti et nam in ea cumque aspernatur distinctio alias iusto tenetur officiis illum molestias quibusdam beatae, numquam veniam maiores hic, repellat at accusamus quas voluptas delectus earum? Assumenda, cumque!'                                       ),
  (271, 13,  17, '2019-02-25 12:56:54', 'Ex accusantium doloribus praesentium, dolorem ratione explicabo ea laudantium! At, tempora. Tempore modi perferendis eligendi cupiditate neque consectetur reiciendis unde iusto. Consequatur atque laborum quisquam repudiandae, fugit consectetur! Ea, error!'),
  (272, 19,  38, '2019-08-11 09:22:23', 'Dolorem maxime, ducimus dolor a blanditiis eius possimus provident. Ad unde dolore, eos soluta sunt quis cumque pariatur dolorum itaque molestias temporibus? Ex corporis quis fugiat debitis ratione accusamus consequuntur?'                                  ),
  (273, 13,  43, '2019-05-10 23:59:18', 'Laborum ea a et sint officiis soluta aspernatur nesciunt architecto aliquam in ut ipsa impedit, sunt illum minus? Quas dolor incidunt obcaecati. Alias sapiente aperiam totam aliquid illum quidem exercitationem.'                                             ),
  (274,  3,  21, '2019-11-15 15:27:25', 'Omnis optio accusantium laudantium ad! Facilis suscipit voluptatum assumenda saepe, nobis earum illo ab cupiditate exercitationem obcaecati, odit quae porro iste qui voluptate voluptates velit sed hic placeat quia maiores.'                                 ),
  (275, 17,  74, '2019-01-29 00:00:58', 'Deserunt molestias, eum esse asperiores quia ea iusto quo? Ex alias, quas beatae fugit aliquid deserunt molestiae adipisci. Veniam cumque sit magni mollitia placeat et, cum consequatur animi totam fugiat!'                                                   ),
  (276, 11,  96, '2019-06-18 02:17:45', 'Ea perspiciatis distinctio aliquam neque odit molestiae aperiam eum similique repellendus voluptatibus, eius consequuntur assumenda in quaerat eveniet nemo, iusto necessitatibus, perferendis ipsa quisquam atque laudantium. Dolores optio dignissimos deleni'),
  (277, 17,  81, '2019-09-18 00:06:55', 'Similique iure, delectus laboriosam dignissimos quod est accusantium ad quas velit vero consequuntur nam ab, libero architecto adipisci magnam nostrum! Voluptate esse deleniti odio possimus omnis provident itaque culpa. Hic.'                               ),
  (278,  1,  24, '2019-08-03 23:16:04', 'Sed eveniet quaerat aspernatur assumenda molestiae iste ipsam! Nihil necessitatibus consequatur illo aliquid hic, eius numquam tempora totam quo repellendus nulla maiores ipsam nemo odit dolores error vero reprehenderit modi?'                              ),
  (279, 16,  13, '2019-11-24 00:09:13', 'Dicta voluptates, quos alias aperiam deleniti provident aspernatur temporibus corporis est minus assumenda dolore excepturi eos accusantium necessitatibus laudantium minima eius saepe accusamus ducimus molestias doloribus repellendus? Excepturi, rem eius.'),
  (280,  2,  66, '2019-07-15 15:54:32', 'Facilis eius laboriosam voluptates voluptatibus temporibus maiores quam fugit iste pariatur quae. Accusantium, autem! Tempora harum nemo ab similique repudiandae excepturi, velit, exercitationem vel facere laboriosam quam temporibus modi itaque.'          ),
  (281,  1, 100, '2019-05-24 16:36:43', 'Cupiditate mollitia animi blanditiis, reiciendis temporibus illo quibusdam dolorem deserunt optio odio rerum impedit ipsa neque velit repellat aut perspiciatis eveniet accusantium necessitatibus. Ea ab vitae, a autem molestiae blanditiis.'                 ),
  (282, 20,  80, '2019-01-31 16:38:30', 'Natus ex veniam eos! Commodi asperiores voluptatem molestias, sit officiis hic, at iure ad earum reprehenderit tempora error voluptas. Totam incidunt voluptas harum possimus at facere tempora vel, reiciendis officiis.'                                      ),
  (283, 11,  12, '2019-06-07 14:12:41', 'Eos deleniti et nam in ea cumque aspernatur distinctio alias iusto tenetur officiis illum molestias quibusdam beatae, numquam veniam maiores hic, repellat at accusamus quas voluptas delectus earum? Assumenda, cumque!'                                       ),
  (284, 15, 102, '2019-09-07 00:15:46', 'Natus ex veniam eos! Commodi asperiores voluptatem molestias, sit officiis hic, at iure ad earum reprehenderit tempora error voluptas. Totam incidunt voluptas harum possimus at facere tempora vel, reiciendis officiis.'                                      ),
  (285, 15,   1, '2019-01-28 18:06:15', 'Perspiciatis atque harum sunt quasi culpa modi suscipit ipsam laborum ipsa quaerat eius fugiat dolore, odio esse quia nulla consectetur ipsum eligendi sapiente vero. Dolorum ipsam natus sequi atque quia?'                                                    ),
  (286, 20,  98, '2019-05-08 00:31:45', 'Harum eos eius aperiam sint commodi ipsa esse aspernatur tenetur, eveniet sed autem eligendi sit quia officiis culpa fugiat? Ut dolorem fuga dolore alias ea accusamus nulla culpa maiores blanditiis.'                                                         ),
  (287,  3,  12, '2019-04-26 09:23:25', 'Facere officia aspernatur unde doloremque doloribus temporibus omnis minima dolor consequuntur natus numquam eaque ex, cum magnam? Sint, minima quae officia recusandae eum veritatis neque blanditiis quam, quasi voluptatibus cum!'                           ),
  (288,  3, 118, '2019-07-30 08:11:33', 'Dolor tenetur ex qui! Debitis, labore dignissimos dolor laborum iste odio tempora nihil ducimus ipsam facilis, voluptas beatae, sed nostrum repudiandae quis saepe totam eveniet? Sint suscipit ipsum optio qui!'                                               ),
  (289, 20,  19, '2019-01-24 20:24:53', 'Facere officia aspernatur unde doloremque doloribus temporibus omnis minima dolor consequuntur natus numquam eaque ex, cum magnam? Sint, minima quae officia recusandae eum veritatis neque blanditiis quam, quasi voluptatibus cum!'                           ),
  (290, 12,  25, '2019-02-21 09:17:15', 'Laborum ea a et sint officiis soluta aspernatur nesciunt architecto aliquam in ut ipsa impedit, sunt illum minus? Quas dolor incidunt obcaecati. Alias sapiente aperiam totam aliquid illum quidem exercitationem.'                                             ),
  (291, 19,  89, '2019-03-02 06:21:24', 'Et sint perferendis saepe magni sequi deserunt, dolorem in iusto vitae libero obcaecati enim facere accusantium quis quae doloremque voluptatum esse voluptates ut necessitatibus, aliquam, repellendus culpa id. Ad, quod.'                                    ),
  (292,  1,  11, '2019-05-30 13:45:57', 'Perferendis, eaque reiciendis asperiores quas, sint sed ipsam quo quidem error temporibus, provident natus ratione recusandae dolores iste sequi ducimus libero! Optio magni dolor fugiat aliquid labore dolores commodi esse.'                                 ),
  (293, 13,  44, '2019-06-30 07:29:08', 'Ex quos voluptatibus ad ipsam fugiat dolor rerum vero dignissimos corporis magnam molestias totam accusantium praesentium repellendus illo corrupti iure sit facilis dolore, nam qui! Blanditiis delectus perspiciatis nesciunt corporis.'                      ),
  (294, 15,  21, '2019-01-09 05:12:28', 'Facilis nostrum impedit unde. Ad reiciendis sunt quas. Et cumque expedita magni, sint excepturi ea laborum maiores doloremque aspernatur, minus consectetur debitis architecto voluptates labore, inventore quam molestias eaque possimus?'                     ),
  (295,  7,  75, '2019-03-27 23:01:53', 'Dignissimos, sint error consequuntur soluta fugiat sequi illum dolor sed, exercitationem est maxime aspernatur ea adipisci ullam. Iste eos, ad eligendi quos odio nulla, tenetur neque placeat voluptates repellat qui.'                                        ),
  (296,  1,  25, '2019-05-11 03:04:59', 'Voluptate dolorem delectus fuga blanditiis? Ullam officiis cupiditate impedit voluptas magni ratione libero possimus. Explicabo corporis molestiae perspiciatis nobis blanditiis? Voluptatibus vero itaque quas? Iure error ea repellendus tenetur earum?'      ),
  (297,  7,  35, '2019-07-06 18:49:58', 'Totam cupiditate voluptatem voluptas impedit vitae sint tempore omnis! Iusto, quibusdam? Rem eligendi rerum dolores est aliquid nostrum in, accusantium, tempora odit consequatur atque assumenda aut ratione. Molestias, rem ipsum.'                           ),
  (298, 17,  36, '2019-05-16 06:29:25', 'Et excepturi repudiandae, distinctio delectus velit totam facilis quis repellat pariatur a itaque quas eos quisquam necessitatibus, accusantium ducimus odit ad quidem, magnam magni dolor omnis! Dolores doloremque maxime accusantium?'                       ),
  (299,  6,  28, '2019-09-13 08:01:47', 'Possimus qui, hic sapiente quidem facere beatae tempora autem id nemo itaque? Saepe illum reiciendis ipsa architecto eaque nulla placeat deleniti inventore maiores praesentium accusamus, earum id eum quos dolores!'                                          ),
  (300, 15,  72, '2019-01-03 02:35:22', 'Voluptate dolorem delectus fuga blanditiis? Ullam officiis cupiditate impedit voluptas magni ratione libero possimus. Explicabo corporis molestiae perspiciatis nobis blanditiis? Voluptatibus vero itaque quas? Iure error ea repellendus tenetur earum?'      );
ALTER SEQUENCE ticket_messages_id_seq RESTART WITH 301;
